week,saved_date,Player,Team,Opposing Team,Stat Type,Line,Odds,Bookmaker,Commence Time,is_alternate,Market,Home Team,Away Team
6,2025-10-09 19:27:43,AJ Barner,Seattle Seahawks,@ JAX,Receiving Yards,25.5,-114,FanDuel,2025-10-12T17:00:00Z,,player_reception_yds,Jacksonville Jaguars,Seattle Seahawks
6,2025-10-09 19:27:43,AJ Barner,Seattle Seahawks,@ JAX,Receiving Yards,14.5,-320,FanDuel,2025-10-12T17:00:00Z,True,player_reception_yds,Jacksonville Jaguars,Seattle Seahawks
6,2025-10-09 19:27:43,AJ Barner,Seattle Seahawks,@ JAX,Receiving Yards,19.5,-198,FanDuel,2025-10-12T17:00:00Z,True,player_reception_yds,Jacksonville Jaguars,Seattle Seahawks
6,2025-10-09 19:27:43,AJ Barner,Seattle Seahawks,@ JAX,Receiving Yards,24.5,-125,FanDuel,2025-10-12T17:00:00Z,True,player_reception_yds,Jacksonville Jaguars,Seattle Seahawks
6,2025-10-09 19:27:43,AJ Barner,Seattle Seahawks,@ JAX,Receiving Yards,29.5,118,FanDuel,2025-10-12T17:00:00Z,True,player_reception_yds,Jacksonville Jaguars,Seattle Seahawks
6,2025-10-09 19:27:43,AJ Barner,Seattle Seahawks,@ JAX,Receptions,3.5,-178,FanDuel,2025-10-12T17:00:00Z,,player_receptions,Jacksonville Jaguars,Seattle Seahawks
6,2025-10-09 19:27:43,AJ Barner,Seattle Seahawks,@ JAX,Receptions,3.5,-180,FanDuel,2025-10-12T17:00:00Z,True,player_receptions,Jacksonville Jaguars,Seattle Seahawks
6,2025-10-09 19:27:43,AJ Barner,Seattle Seahawks,@ JAX,Receptions,4.5,136,FanDuel,2025-10-12T17:00:00Z,True,player_receptions,Jacksonville Jaguars,Seattle Seahawks
6,2025-10-09 19:27:43,AJ Brown,Philadelphia Eagles,@ NYG,Receiving Yards,63.5,-112,FanDuel,2025-10-10T00:15:00Z,,player_reception_yds,New York Giants,Philadelphia Eagles
6,2025-10-09 19:27:43,AJ Brown,Philadelphia Eagles,@ NYG,Receiving Yards,39.5,-370,FanDuel,2025-10-10T00:15:00Z,True,player_reception_yds,New York Giants,Philadelphia Eagles
6,2025-10-09 19:27:43,AJ Brown,Philadelphia Eagles,@ NYG,Receiving Yards,49.5,-215,FanDuel,2025-10-10T00:15:00Z,True,player_reception_yds,New York Giants,Philadelphia Eagles
6,2025-10-09 19:27:43,AJ Brown,Philadelphia Eagles,@ NYG,Receiving Yards,59.5,-132,FanDuel,2025-10-10T00:15:00Z,True,player_reception_yds,New York Giants,Philadelphia Eagles
6,2025-10-09 19:27:43,AJ Brown,Philadelphia Eagles,@ NYG,Receiving Yards,69.5,114,FanDuel,2025-10-10T00:15:00Z,True,player_reception_yds,New York Giants,Philadelphia Eagles
6,2025-10-09 19:27:43,AJ Brown,Philadelphia Eagles,@ NYG,Receiving Yards,79.5,168,FanDuel,2025-10-10T00:15:00Z,True,player_reception_yds,New York Giants,Philadelphia Eagles
6,2025-10-09 19:27:43,AJ Brown,Philadelphia Eagles,@ NYG,Receptions,5.5,-134,FanDuel,2025-10-10T00:15:00Z,,player_receptions,New York Giants,Philadelphia Eagles
6,2025-10-09 19:27:43,AJ Brown,Philadelphia Eagles,@ NYG,Receptions,4.5,-310,FanDuel,2025-10-10T00:15:00Z,True,player_receptions,New York Giants,Philadelphia Eagles
6,2025-10-09 19:27:43,AJ Brown,Philadelphia Eagles,@ NYG,Receptions,5.5,-138,FanDuel,2025-10-10T00:15:00Z,True,player_receptions,New York Giants,Philadelphia Eagles
6,2025-10-09 19:27:43,AJ Brown,Philadelphia Eagles,@ NYG,Receptions,6.5,148,FanDuel,2025-10-10T00:15:00Z,True,player_receptions,New York Giants,Philadelphia Eagles
6,2025-10-09 19:27:43,AJ Dillon,Philadelphia Eagles,@ NYG,Rushing Yards,8.5,-112,FanDuel,2025-10-10T00:15:00Z,,player_rush_yds,New York Giants,Philadelphia Eagles
6,2025-10-09 19:27:43,AJ Dillon,Philadelphia Eagles,@ NYG,Rushing Yards,4.5,-230,FanDuel,2025-10-10T00:15:00Z,True,player_rush_yds,New York Giants,Philadelphia Eagles
6,2025-10-09 19:27:43,AJ Dillon,Philadelphia Eagles,@ NYG,Rushing Yards,9.5,100,FanDuel,2025-10-10T00:15:00Z,True,player_rush_yds,New York Giants,Philadelphia Eagles
6,2025-10-09 19:27:43,AJ Dillon,Philadelphia Eagles,@ NYG,Rushing Yards,14.5,182,FanDuel,2025-10-10T00:15:00Z,True,player_rush_yds,New York Giants,Philadelphia Eagles
6,2025-10-09 19:19:02,Beaux Collins,New York Giants,vs PHI,Receiving Yards,14.5,-112,FanDuel,2025-10-10T00:15:00Z,,player_reception_yds,New York Giants,Philadelphia Eagles
6,2025-10-09 19:27:43,Beaux Collins,New York Giants,vs PHI,Receptions,2.5,108,FanDuel,2025-10-10T00:15:00Z,,player_receptions,New York Giants,Philadelphia Eagles
6,2025-10-09 19:27:43,Beaux Collins,New York Giants,vs PHI,Receptions,1.5,-450,FanDuel,2025-10-10T00:15:00Z,True,player_receptions,New York Giants,Philadelphia Eagles
6,2025-10-09 19:27:43,Beaux Collins,New York Giants,vs PHI,Receptions,2.5,102,FanDuel,2025-10-10T00:15:00Z,True,player_receptions,New York Giants,Philadelphia Eagles
6,2025-10-09 19:27:43,Bhayshul Tuten,Jacksonville Jaguars,vs SEA,Rushing Yards,18.5,-114,FanDuel,2025-10-12T17:00:00Z,,player_rush_yds,Jacksonville Jaguars,Seattle Seahawks
6,2025-10-09 19:27:43,Bhayshul Tuten,Jacksonville Jaguars,vs SEA,Rushing Yards,9.5,-330,FanDuel,2025-10-12T17:00:00Z,True,player_rush_yds,Jacksonville Jaguars,Seattle Seahawks
6,2025-10-09 19:27:43,Bhayshul Tuten,Jacksonville Jaguars,vs SEA,Rushing Yards,14.5,-178,FanDuel,2025-10-12T17:00:00Z,True,player_rush_yds,Jacksonville Jaguars,Seattle Seahawks
6,2025-10-09 19:27:43,Bhayshul Tuten,Jacksonville Jaguars,vs SEA,Rushing Yards,19.5,-104,FanDuel,2025-10-12T17:00:00Z,True,player_rush_yds,Jacksonville Jaguars,Seattle Seahawks
6,2025-10-09 19:27:43,Bhayshul Tuten,Jacksonville Jaguars,vs SEA,Rushing Yards,24.5,152,FanDuel,2025-10-12T17:00:00Z,True,player_rush_yds,Jacksonville Jaguars,Seattle Seahawks
6,2025-10-09 19:27:43,Bo Nix,Denver Broncos,@ NYJ,Passing TDs,1.5,-108,FanDuel,2025-10-12T13:30:00Z,,player_pass_tds,New York Jets,Denver Broncos
6,2025-10-09 19:27:43,Bo Nix,Denver Broncos,@ NYJ,Passing TDs,1.5,-112,FanDuel,2025-10-12T13:30:00Z,True,player_pass_tds,New York Jets,Denver Broncos
6,2025-10-09 19:27:43,Bo Nix,Denver Broncos,@ NYJ,Passing Yards,226.5,-114,FanDuel,2025-10-12T13:30:00Z,,player_pass_yds,New York Jets,Denver Broncos
6,2025-10-09 19:27:43,Bo Nix,Denver Broncos,@ NYJ,Passing Yards,199.5,-240,FanDuel,2025-10-12T13:30:00Z,True,player_pass_yds,New York Jets,Denver Broncos
6,2025-10-09 19:27:43,Bo Nix,Denver Broncos,@ NYJ,Passing Yards,224.5,-122,FanDuel,2025-10-12T13:30:00Z,True,player_pass_yds,New York Jets,Denver Broncos
6,2025-10-09 19:27:43,Bo Nix,Denver Broncos,@ NYJ,Passing Yards,249.5,154,FanDuel,2025-10-12T13:30:00Z,True,player_pass_yds,New York Jets,Denver Broncos
6,2025-10-09 19:27:43,Bo Nix,Denver Broncos,@ NYJ,Rushing Yards,21.5,-114,FanDuel,2025-10-12T13:30:00Z,,player_rush_yds,New York Jets,Denver Broncos
6,2025-10-09 19:27:43,Bo Nix,Denver Broncos,@ NYJ,Rushing Yards,14.5,-250,FanDuel,2025-10-12T13:30:00Z,True,player_rush_yds,New York Jets,Denver Broncos
6,2025-10-09 19:27:43,Bo Nix,Denver Broncos,@ NYJ,Rushing Yards,19.5,-140,FanDuel,2025-10-12T13:30:00Z,True,player_rush_yds,New York Jets,Denver Broncos
6,2025-10-09 19:27:43,Bo Nix,Denver Broncos,@ NYJ,Rushing Yards,24.5,116,FanDuel,2025-10-12T13:30:00Z,True,player_rush_yds,New York Jets,Denver Broncos
6,2025-10-09 19:27:43,Bo Nix,Denver Broncos,@ NYJ,Rushing Yards,29.5,178,FanDuel,2025-10-12T13:30:00Z,True,player_rush_yds,New York Jets,Denver Broncos
6,2025-10-09 19:27:43,Brandin Cooks,New Orleans Saints,vs NE,Receiving Yards,18.5,-114,FanDuel,2025-10-12T17:00:00Z,,player_reception_yds,New Orleans Saints,New England Patriots
6,2025-10-09 19:27:43,Brandin Cooks,New Orleans Saints,vs NE,Receiving Yards,9.5,-280,FanDuel,2025-10-12T17:00:00Z,True,player_reception_yds,New Orleans Saints,New England Patriots
6,2025-10-09 19:27:43,Brandin Cooks,New Orleans Saints,vs NE,Receiving Yards,14.5,-166,FanDuel,2025-10-12T17:00:00Z,True,player_reception_yds,New Orleans Saints,New England Patriots
6,2025-10-09 19:27:43,Brandin Cooks,New Orleans Saints,vs NE,Receiving Yards,19.5,-104,FanDuel,2025-10-12T17:00:00Z,True,player_reception_yds,New Orleans Saints,New England Patriots
6,2025-10-09 19:27:43,Brandin Cooks,New Orleans Saints,vs NE,Receiving Yards,24.5,144,FanDuel,2025-10-12T17:00:00Z,True,player_reception_yds,New Orleans Saints,New England Patriots
6,2025-10-09 19:27:43,Brandin Cooks,New Orleans Saints,vs NE,Receiving Yards,29.5,198,FanDuel,2025-10-12T17:00:00Z,True,player_reception_yds,New Orleans Saints,New England Patriots
6,2025-10-09 19:27:43,Brandin Cooks,New Orleans Saints,vs NE,Receptions,3.5,140,FanDuel,2025-10-12T17:00:00Z,,player_receptions,New Orleans Saints,New England Patriots
6,2025-10-09 19:27:43,Brandin Cooks,New Orleans Saints,vs NE,Receptions,2.5,-220,FanDuel,2025-10-12T17:00:00Z,True,player_receptions,New Orleans Saints,New England Patriots
6,2025-10-09 19:27:43,Brandin Cooks,New Orleans Saints,vs NE,Receptions,3.5,142,FanDuel,2025-10-12T17:00:00Z,True,player_receptions,New Orleans Saints,New England Patriots
6,2025-10-09 19:27:43,Breece Hall,New York Jets,vs DEN,Receiving Yards,29.5,-114,FanDuel,2025-10-12T13:30:00Z,,player_reception_yds,New York Jets,Denver Broncos
6,2025-10-09 19:27:43,Breece Hall,New York Jets,vs DEN,Receiving Yards,14.5,-390,FanDuel,2025-10-12T13:30:00Z,True,player_reception_yds,New York Jets,Denver Broncos
6,2025-10-09 19:27:43,Breece Hall,New York Jets,vs DEN,Receiving Yards,19.5,-245,FanDuel,2025-10-12T13:30:00Z,True,player_reception_yds,New York Jets,Denver Broncos
6,2025-10-09 19:27:43,Breece Hall,New York Jets,vs DEN,Receiving Yards,24.5,-162,FanDuel,2025-10-12T13:30:00Z,True,player_reception_yds,New York Jets,Denver Broncos
6,2025-10-09 19:27:43,Breece Hall,New York Jets,vs DEN,Receiving Yards,29.5,-114,FanDuel,2025-10-12T13:30:00Z,True,player_reception_yds,New York Jets,Denver Broncos
6,2025-10-09 19:27:43,Breece Hall,New York Jets,vs DEN,Receiving Yards,39.5,154,FanDuel,2025-10-12T13:30:00Z,True,player_reception_yds,New York Jets,Denver Broncos
6,2025-10-09 19:27:43,Breece Hall,New York Jets,vs DEN,Receptions,4.5,106,FanDuel,2025-10-12T13:30:00Z,,player_receptions,New York Jets,Denver Broncos
6,2025-10-09 19:27:43,Breece Hall,New York Jets,vs DEN,Receptions,3.5,-230,FanDuel,2025-10-12T13:30:00Z,True,player_receptions,New York Jets,Denver Broncos
6,2025-10-09 19:27:43,Breece Hall,New York Jets,vs DEN,Receptions,4.5,106,FanDuel,2025-10-12T13:30:00Z,True,player_receptions,New York Jets,Denver Broncos
6,2025-10-09 19:27:43,Breece Hall,New York Jets,vs DEN,Rushing Yards,68.5,-114,FanDuel,2025-10-12T13:30:00Z,,player_rush_yds,New York Jets,Denver Broncos
6,2025-10-09 19:27:43,Breece Hall,New York Jets,vs DEN,Rushing Yards,49.5,-340,FanDuel,2025-10-12T13:30:00Z,True,player_rush_yds,New York Jets,Denver Broncos
6,2025-10-09 19:27:43,Breece Hall,New York Jets,vs DEN,Rushing Yards,59.5,-188,FanDuel,2025-10-12T13:30:00Z,True,player_rush_yds,New York Jets,Denver Broncos
6,2025-10-09 19:27:43,Breece Hall,New York Jets,vs DEN,Rushing Yards,69.5,-108,FanDuel,2025-10-12T13:30:00Z,True,player_rush_yds,New York Jets,Denver Broncos
6,2025-10-09 19:27:43,Breece Hall,New York Jets,vs DEN,Rushing Yards,79.5,146,FanDuel,2025-10-12T13:30:00Z,True,player_rush_yds,New York Jets,Denver Broncos
6,2025-10-09 19:27:43,Brian Thomas Jr,Jacksonville Jaguars,vs SEA,Receiving Yards,60.5,-114,FanDuel,2025-10-12T17:00:00Z,,player_reception_yds,Jacksonville Jaguars,Seattle Seahawks
6,2025-10-09 19:27:43,Brian Thomas Jr,Jacksonville Jaguars,vs SEA,Receiving Yards,39.5,-330,FanDuel,2025-10-12T17:00:00Z,True,player_reception_yds,Jacksonville Jaguars,Seattle Seahawks
6,2025-10-09 19:27:43,Brian Thomas Jr,Jacksonville Jaguars,vs SEA,Receiving Yards,49.5,-198,FanDuel,2025-10-12T17:00:00Z,True,player_reception_yds,Jacksonville Jaguars,Seattle Seahawks
6,2025-10-09 19:27:43,Brian Thomas Jr,Jacksonville Jaguars,vs SEA,Receiving Yards,59.5,-120,FanDuel,2025-10-12T17:00:00Z,True,player_reception_yds,Jacksonville Jaguars,Seattle Seahawks
6,2025-10-09 19:27:43,Brian Thomas Jr,Jacksonville Jaguars,vs SEA,Receiving Yards,69.5,130,FanDuel,2025-10-12T17:00:00Z,True,player_reception_yds,Jacksonville Jaguars,Seattle Seahawks
6,2025-10-09 19:27:43,Brian Thomas Jr,Jacksonville Jaguars,vs SEA,Receiving Yards,79.5,194,FanDuel,2025-10-12T17:00:00Z,True,player_reception_yds,Jacksonville Jaguars,Seattle Seahawks
6,2025-10-09 19:27:43,Brian Thomas Jr,Jacksonville Jaguars,vs SEA,Receptions,5.5,-200,FanDuel,2025-10-12T17:00:00Z,,player_receptions,Jacksonville Jaguars,Seattle Seahawks
6,2025-10-09 19:27:43,Brian Thomas Jr,Jacksonville Jaguars,vs SEA,Receptions,4.5,-450,FanDuel,2025-10-12T17:00:00Z,True,player_receptions,Jacksonville Jaguars,Seattle Seahawks
6,2025-10-09 19:27:43,Brian Thomas Jr,Jacksonville Jaguars,vs SEA,Receptions,5.5,-200,FanDuel,2025-10-12T17:00:00Z,True,player_receptions,Jacksonville Jaguars,Seattle Seahawks
6,2025-10-09 19:27:43,Brian Thomas Jr,Jacksonville Jaguars,vs SEA,Receptions,6.5,102,FanDuel,2025-10-12T17:00:00Z,True,player_receptions,Jacksonville Jaguars,Seattle Seahawks
6,2025-10-09 19:27:43,Brian Thomas Jr,Jacksonville Jaguars,vs SEA,Receptions,7.5,188,FanDuel,2025-10-12T17:00:00Z,True,player_receptions,Jacksonville Jaguars,Seattle Seahawks
6,2025-10-09 19:27:43,Bryce Young,Carolina Panthers,vs DAL,Passing TDs,1.5,-108,FanDuel,2025-10-12T17:01:00Z,,player_pass_tds,Carolina Panthers,Dallas Cowboys
6,2025-10-09 19:27:43,Bryce Young,Carolina Panthers,vs DAL,Passing TDs,1.5,-110,FanDuel,2025-10-12T17:01:00Z,True,player_pass_tds,Carolina Panthers,Dallas Cowboys
6,2025-10-09 19:27:43,Bryce Young,Carolina Panthers,vs DAL,Passing Yards,215.5,-114,FanDuel,2025-10-12T17:01:00Z,,player_pass_yds,Carolina Panthers,Dallas Cowboys
6,2025-10-09 19:27:43,Bryce Young,Carolina Panthers,vs DAL,Passing Yards,174.5,-330,FanDuel,2025-10-12T17:01:00Z,True,player_pass_yds,Carolina Panthers,Dallas Cowboys
6,2025-10-09 19:27:43,Bryce Young,Carolina Panthers,vs DAL,Passing Yards,199.5,-174,FanDuel,2025-10-12T17:01:00Z,True,player_pass_yds,Carolina Panthers,Dallas Cowboys
6,2025-10-09 19:27:43,Bryce Young,Carolina Panthers,vs DAL,Passing Yards,224.5,108,FanDuel,2025-10-12T17:01:00Z,True,player_pass_yds,Carolina Panthers,Dallas Cowboys
6,2025-10-09 19:27:43,Bryce Young,Carolina Panthers,vs DAL,Passing Yards,249.5,194,FanDuel,2025-10-12T17:01:00Z,True,player_pass_yds,Carolina Panthers,Dallas Cowboys
6,2025-10-09 19:19:02,Cam Skattebo,New York Giants,vs PHI,Receiving Yards,16.5,-112,FanDuel,2025-10-10T00:15:00Z,,player_reception_yds,New York Giants,Philadelphia Eagles
6,2025-10-09 19:27:43,Cam Skattebo,New York Giants,vs PHI,Receptions,3.5,-116,FanDuel,2025-10-10T00:15:00Z,,player_receptions,New York Giants,Philadelphia Eagles
6,2025-10-09 19:27:43,Cam Skattebo,New York Giants,vs PHI,Receptions,2.5,-340,FanDuel,2025-10-10T00:15:00Z,True,player_receptions,New York Giants,Philadelphia Eagles
6,2025-10-09 19:27:43,Cam Skattebo,New York Giants,vs PHI,Receptions,3.5,-122,FanDuel,2025-10-10T00:15:00Z,True,player_receptions,New York Giants,Philadelphia Eagles
6,2025-10-09 19:27:43,Cam Skattebo,New York Giants,vs PHI,Receptions,4.5,194,FanDuel,2025-10-10T00:15:00Z,True,player_receptions,New York Giants,Philadelphia Eagles
6,2025-10-09 19:27:43,Cam Skattebo,New York Giants,vs PHI,Rushing Yards,49.5,-112,FanDuel,2025-10-10T00:15:00Z,,player_rush_yds,New York Giants,Philadelphia Eagles
6,2025-10-09 19:27:43,Cam Skattebo,New York Giants,vs PHI,Rushing Yards,39.5,-220,FanDuel,2025-10-10T00:15:00Z,True,player_rush_yds,New York Giants,Philadelphia Eagles
6,2025-10-09 19:27:43,Cam Skattebo,New York Giants,vs PHI,Rushing Yards,49.5,-114,FanDuel,2025-10-10T00:15:00Z,True,player_rush_yds,New York Giants,Philadelphia Eagles
6,2025-10-09 19:27:43,Cam Skattebo,New York Giants,vs PHI,Rushing Yards,59.5,154,FanDuel,2025-10-10T00:15:00Z,True,player_rush_yds,New York Giants,Philadelphia Eagles
6,2025-10-09 19:27:43,Chris Olave,New Orleans Saints,vs NE,Receiving Yards,55.5,-114,FanDuel,2025-10-12T17:00:00Z,,player_reception_yds,New Orleans Saints,New England Patriots
6,2025-10-09 19:27:43,Chris Olave,New Orleans Saints,vs NE,Receiving Yards,39.5,-300,FanDuel,2025-10-12T17:00:00Z,True,player_reception_yds,New Orleans Saints,New England Patriots
6,2025-10-09 19:27:43,Chris Olave,New Orleans Saints,vs NE,Receiving Yards,49.5,-160,FanDuel,2025-10-12T17:00:00Z,True,player_reception_yds,New Orleans Saints,New England Patriots
6,2025-10-09 19:27:43,Chris Olave,New Orleans Saints,vs NE,Receiving Yards,59.5,108,FanDuel,2025-10-12T17:00:00Z,True,player_reception_yds,New Orleans Saints,New England Patriots
6,2025-10-09 19:27:43,Chris Olave,New Orleans Saints,vs NE,Receiving Yards,69.5,174,FanDuel,2025-10-12T17:00:00Z,True,player_reception_yds,New Orleans Saints,New England Patriots
6,2025-10-09 19:27:43,Chris Olave,New Orleans Saints,vs NE,Receptions,7.5,102,FanDuel,2025-10-12T17:00:00Z,,player_receptions,New Orleans Saints,New England Patriots
6,2025-10-09 19:27:43,Chris Olave,New Orleans Saints,vs NE,Receptions,5.5,-350,FanDuel,2025-10-12T17:00:00Z,True,player_receptions,New Orleans Saints,New England Patriots
6,2025-10-09 19:27:43,Chris Olave,New Orleans Saints,vs NE,Receptions,6.5,-178,FanDuel,2025-10-12T17:00:00Z,True,player_receptions,New Orleans Saints,New England Patriots
6,2025-10-09 19:27:43,Chris Olave,New Orleans Saints,vs NE,Receptions,7.5,108,FanDuel,2025-10-12T17:00:00Z,True,player_receptions,New Orleans Saints,New England Patriots
6,2025-10-09 19:27:43,Chris Olave,New Orleans Saints,vs NE,Receptions,8.5,188,FanDuel,2025-10-12T17:00:00Z,True,player_receptions,New Orleans Saints,New England Patriots
6,2025-10-09 19:27:43,Cooper Kupp,Seattle Seahawks,@ JAX,Receiving Yards,43.5,-114,FanDuel,2025-10-12T17:00:00Z,,player_reception_yds,Jacksonville Jaguars,Seattle Seahawks
6,2025-10-09 19:27:43,Cooper Kupp,Seattle Seahawks,@ JAX,Receiving Yards,24.5,-400,FanDuel,2025-10-12T17:00:00Z,True,player_reception_yds,Jacksonville Jaguars,Seattle Seahawks
6,2025-10-09 19:27:43,Cooper Kupp,Seattle Seahawks,@ JAX,Receiving Yards,29.5,-270,FanDuel,2025-10-12T17:00:00Z,True,player_reception_yds,Jacksonville Jaguars,Seattle Seahawks
6,2025-10-09 19:27:43,Cooper Kupp,Seattle Seahawks,@ JAX,Receiving Yards,39.5,-144,FanDuel,2025-10-12T17:00:00Z,True,player_reception_yds,Jacksonville Jaguars,Seattle Seahawks
6,2025-10-09 19:27:43,Cooper Kupp,Seattle Seahawks,@ JAX,Receiving Yards,49.5,120,FanDuel,2025-10-12T17:00:00Z,True,player_reception_yds,Jacksonville Jaguars,Seattle Seahawks
6,2025-10-09 19:27:43,Cooper Kupp,Seattle Seahawks,@ JAX,Receiving Yards,59.5,194,FanDuel,2025-10-12T17:00:00Z,True,player_reception_yds,Jacksonville Jaguars,Seattle Seahawks
6,2025-10-09 19:27:43,Cooper Kupp,Seattle Seahawks,@ JAX,Receptions,5.5,106,FanDuel,2025-10-12T17:00:00Z,,player_receptions,Jacksonville Jaguars,Seattle Seahawks
6,2025-10-09 19:27:43,Cooper Kupp,Seattle Seahawks,@ JAX,Receptions,4.5,-205,FanDuel,2025-10-12T17:00:00Z,True,player_receptions,Jacksonville Jaguars,Seattle Seahawks
6,2025-10-09 19:27:43,Cooper Kupp,Seattle Seahawks,@ JAX,Receptions,5.5,106,FanDuel,2025-10-12T17:00:00Z,True,player_receptions,Jacksonville Jaguars,Seattle Seahawks
6,2025-10-09 19:27:43,Cooper Kupp,Seattle Seahawks,@ JAX,Receptions,6.5,200,FanDuel,2025-10-12T17:00:00Z,True,player_receptions,Jacksonville Jaguars,Seattle Seahawks
6,2025-10-09 19:27:43,Courtland Sutton,Denver Broncos,@ NYJ,Receiving Yards,61.5,-114,FanDuel,2025-10-12T13:30:00Z,,player_reception_yds,New York Jets,Denver Broncos
6,2025-10-09 19:27:43,Courtland Sutton,Denver Broncos,@ NYJ,Receiving Yards,39.5,-330,FanDuel,2025-10-12T13:30:00Z,True,player_reception_yds,New York Jets,Denver Broncos
6,2025-10-09 19:27:43,Courtland Sutton,Denver Broncos,@ NYJ,Receiving Yards,49.5,-200,FanDuel,2025-10-12T13:30:00Z,True,player_reception_yds,New York Jets,Denver Broncos
6,2025-10-09 19:27:43,Courtland Sutton,Denver Broncos,@ NYJ,Receiving Yards,59.5,-128,FanDuel,2025-10-12T13:30:00Z,True,player_reception_yds,New York Jets,Denver Broncos
6,2025-10-09 19:27:43,Courtland Sutton,Denver Broncos,@ NYJ,Receiving Yards,69.5,122,FanDuel,2025-10-12T13:30:00Z,True,player_reception_yds,New York Jets,Denver Broncos
6,2025-10-09 19:27:43,Courtland Sutton,Denver Broncos,@ NYJ,Receiving Yards,79.5,178,FanDuel,2025-10-12T13:30:00Z,True,player_reception_yds,New York Jets,Denver Broncos
6,2025-10-09 19:27:43,Courtland Sutton,Denver Broncos,@ NYJ,Receptions,5.5,-108,FanDuel,2025-10-12T13:30:00Z,,player_receptions,New York Jets,Denver Broncos
6,2025-10-09 19:27:43,Courtland Sutton,Denver Broncos,@ NYJ,Receptions,4.5,-245,FanDuel,2025-10-12T13:30:00Z,True,player_receptions,New York Jets,Denver Broncos
6,2025-10-09 19:27:43,Courtland Sutton,Denver Broncos,@ NYJ,Receptions,5.5,-108,FanDuel,2025-10-12T13:30:00Z,True,player_receptions,New York Jets,Denver Broncos
6,2025-10-09 19:27:43,Courtland Sutton,Denver Broncos,@ NYJ,Receptions,6.5,188,FanDuel,2025-10-12T13:30:00Z,True,player_receptions,New York Jets,Denver Broncos
6,2025-10-09 19:27:43,Dak Prescott,Dallas Cowboys,@ CAR,Passing TDs,1.5,-136,FanDuel,2025-10-12T17:01:00Z,,player_pass_tds,Carolina Panthers,Dallas Cowboys
6,2025-10-09 19:27:43,Dak Prescott,Dallas Cowboys,@ CAR,Passing TDs,1.5,-138,FanDuel,2025-10-12T17:01:00Z,True,player_pass_tds,Carolina Panthers,Dallas Cowboys
6,2025-10-09 19:27:43,Dak Prescott,Dallas Cowboys,@ CAR,Passing Yards,247.5,-114,FanDuel,2025-10-12T17:01:00Z,,player_pass_yds,Carolina Panthers,Dallas Cowboys
6,2025-10-09 19:27:43,Dak Prescott,Dallas Cowboys,@ CAR,Passing Yards,199.5,-400,FanDuel,2025-10-12T17:01:00Z,True,player_pass_yds,Carolina Panthers,Dallas Cowboys
6,2025-10-09 19:27:43,Dak Prescott,Dallas Cowboys,@ CAR,Passing Yards,224.5,-210,FanDuel,2025-10-12T17:01:00Z,True,player_pass_yds,Carolina Panthers,Dallas Cowboys
6,2025-10-09 19:27:43,Dak Prescott,Dallas Cowboys,@ CAR,Passing Yards,249.5,-108,FanDuel,2025-10-12T17:01:00Z,True,player_pass_yds,Carolina Panthers,Dallas Cowboys
6,2025-10-09 19:27:43,Dak Prescott,Dallas Cowboys,@ CAR,Passing Yards,274.5,168,FanDuel,2025-10-12T17:01:00Z,True,player_pass_yds,Carolina Panthers,Dallas Cowboys
6,2025-10-09 19:27:43,Dallas Goedert,Philadelphia Eagles,@ NYG,Receiving Yards,31.5,-112,FanDuel,2025-10-10T00:15:00Z,,player_reception_yds,New York Giants,Philadelphia Eagles
6,2025-10-09 19:27:43,Dallas Goedert,Philadelphia Eagles,@ NYG,Receiving Yards,19.5,-310,FanDuel,2025-10-10T00:15:00Z,True,player_reception_yds,New York Giants,Philadelphia Eagles
6,2025-10-09 19:27:43,Dallas Goedert,Philadelphia Eagles,@ NYG,Receiving Yards,24.5,-194,FanDuel,2025-10-10T00:15:00Z,True,player_reception_yds,New York Giants,Philadelphia Eagles
6,2025-10-09 19:27:43,Dallas Goedert,Philadelphia Eagles,@ NYG,Receiving Yards,29.5,-130,FanDuel,2025-10-10T00:15:00Z,True,player_reception_yds,New York Giants,Philadelphia Eagles
6,2025-10-09 19:27:43,Dallas Goedert,Philadelphia Eagles,@ NYG,Receiving Yards,39.5,152,FanDuel,2025-10-10T00:15:00Z,True,player_reception_yds,New York Giants,Philadelphia Eagles
6,2025-10-09 19:27:43,Dallas Goedert,Philadelphia Eagles,@ NYG,Receptions,4.5,-148,FanDuel,2025-10-10T00:15:00Z,,player_receptions,New York Giants,Philadelphia Eagles
6,2025-10-09 19:27:43,Dallas Goedert,Philadelphia Eagles,@ NYG,Receptions,3.5,-380,FanDuel,2025-10-10T00:15:00Z,True,player_receptions,New York Giants,Philadelphia Eagles
6,2025-10-09 19:27:43,Dallas Goedert,Philadelphia Eagles,@ NYG,Receptions,4.5,-154,FanDuel,2025-10-10T00:15:00Z,True,player_receptions,New York Giants,Philadelphia Eagles
6,2025-10-09 19:27:43,Dallas Goedert,Philadelphia Eagles,@ NYG,Receptions,5.5,138,FanDuel,2025-10-10T00:15:00Z,True,player_receptions,New York Giants,Philadelphia Eagles
6,2025-10-09 19:19:02,Daniel Bellinger,New York Giants,vs PHI,Receiving Yards,14.5,-112,FanDuel,2025-10-10T00:15:00Z,,player_reception_yds,New York Giants,Philadelphia Eagles
6,2025-10-09 19:27:43,Daniel Bellinger,New York Giants,vs PHI,Receptions,2.5,-104,FanDuel,2025-10-10T00:15:00Z,,player_receptions,New York Giants,Philadelphia Eagles
6,2025-10-09 19:27:43,Daniel Bellinger,New York Giants,vs PHI,Receptions,2.5,-114,FanDuel,2025-10-10T00:15:00Z,True,player_receptions,New York Giants,Philadelphia Eagles
6,2025-10-09 19:27:43,DeVonta Smith,Philadelphia Eagles,@ NYG,Receiving Yards,50.5,-112,FanDuel,2025-10-10T00:15:00Z,,player_reception_yds,New York Giants,Philadelphia Eagles
6,2025-10-09 19:27:43,DeVonta Smith,Philadelphia Eagles,@ NYG,Receiving Yards,29.5,-390,FanDuel,2025-10-10T00:15:00Z,True,player_reception_yds,New York Giants,Philadelphia Eagles
6,2025-10-09 19:27:43,DeVonta Smith,Philadelphia Eagles,@ NYG,Receiving Yards,39.5,-205,FanDuel,2025-10-10T00:15:00Z,True,player_reception_yds,New York Giants,Philadelphia Eagles
6,2025-10-09 19:27:43,DeVonta Smith,Philadelphia Eagles,@ NYG,Receiving Yards,49.5,-118,FanDuel,2025-10-10T00:15:00Z,True,player_reception_yds,New York Giants,Philadelphia Eagles
6,2025-10-09 19:27:43,DeVonta Smith,Philadelphia Eagles,@ NYG,Receiving Yards,59.5,140,FanDuel,2025-10-10T00:15:00Z,True,player_reception_yds,New York Giants,Philadelphia Eagles
6,2025-10-09 19:27:43,DeVonta Smith,Philadelphia Eagles,@ NYG,Receptions,5.5,-116,FanDuel,2025-10-10T00:15:00Z,,player_receptions,New York Giants,Philadelphia Eagles
6,2025-10-09 19:27:43,DeVonta Smith,Philadelphia Eagles,@ NYG,Receptions,4.5,-250,FanDuel,2025-10-10T00:15:00Z,True,player_receptions,New York Giants,Philadelphia Eagles
6,2025-10-09 19:27:43,DeVonta Smith,Philadelphia Eagles,@ NYG,Receptions,5.5,-118,FanDuel,2025-10-10T00:15:00Z,True,player_receptions,New York Giants,Philadelphia Eagles
6,2025-10-09 19:27:43,DeVonta Smith,Philadelphia Eagles,@ NYG,Receptions,6.5,168,FanDuel,2025-10-10T00:15:00Z,True,player_receptions,New York Giants,Philadelphia Eagles
6,2025-10-09 19:27:43,Drake Maye,New England Patriots,@ NO,Passing TDs,1.5,-118,FanDuel,2025-10-12T17:00:00Z,,player_pass_tds,New Orleans Saints,New England Patriots
6,2025-10-09 19:27:43,Drake Maye,New England Patriots,@ NO,Passing TDs,1.5,-120,FanDuel,2025-10-12T17:00:00Z,True,player_pass_tds,New Orleans Saints,New England Patriots
6,2025-10-09 19:19:02,Drake Maye,New England Patriots,@ NO,Passing Yards,230.5,-114,FanDuel,2025-10-12T17:00:00Z,,player_pass_yds,New Orleans Saints,New England Patriots
6,2025-10-09 19:27:43,Drake Maye,New England Patriots,@ NO,Passing Yards,232.5,-114,FanDuel,2025-10-12T17:00:00Z,,player_pass_yds,New Orleans Saints,New England Patriots
6,2025-10-09 19:27:43,Drake Maye,New England Patriots,@ NO,Passing Yards,199.5,-270,FanDuel,2025-10-12T17:00:00Z,True,player_pass_yds,New Orleans Saints,New England Patriots
6,2025-10-09 19:27:43,Drake Maye,New England Patriots,@ NO,Passing Yards,224.5,-144,FanDuel,2025-10-12T17:00:00Z,True,player_pass_yds,New Orleans Saints,New England Patriots
6,2025-10-09 19:27:43,Drake Maye,New England Patriots,@ NO,Passing Yards,249.5,132,FanDuel,2025-10-12T17:00:00Z,True,player_pass_yds,New Orleans Saints,New England Patriots
6,2025-10-09 19:27:43,Elijah Arroyo,Seattle Seahawks,@ JAX,Receiving Yards,12.5,-114,FanDuel,2025-10-12T17:00:00Z,,player_reception_yds,Jacksonville Jaguars,Seattle Seahawks
6,2025-10-09 19:27:43,Elijah Arroyo,Seattle Seahawks,@ JAX,Receiving Yards,4.5,-320,FanDuel,2025-10-12T17:00:00Z,True,player_reception_yds,Jacksonville Jaguars,Seattle Seahawks
6,2025-10-09 19:27:43,Elijah Arroyo,Seattle Seahawks,@ JAX,Receiving Yards,9.5,-162,FanDuel,2025-10-12T17:00:00Z,True,player_reception_yds,Jacksonville Jaguars,Seattle Seahawks
6,2025-10-09 19:27:43,Elijah Arroyo,Seattle Seahawks,@ JAX,Receiving Yards,14.5,108,FanDuel,2025-10-12T17:00:00Z,True,player_reception_yds,Jacksonville Jaguars,Seattle Seahawks
6,2025-10-09 19:27:43,Elijah Arroyo,Seattle Seahawks,@ JAX,Receiving Yards,19.5,168,FanDuel,2025-10-12T17:00:00Z,True,player_reception_yds,Jacksonville Jaguars,Seattle Seahawks
6,2025-10-09 19:27:43,Evan Engram,Denver Broncos,@ NYJ,Receiving Yards,22.5,-114,FanDuel,2025-10-12T13:30:00Z,,player_reception_yds,New York Jets,Denver Broncos
6,2025-10-09 19:27:43,Evan Engram,Denver Broncos,@ NYJ,Receiving Yards,9.5,-450,FanDuel,2025-10-12T13:30:00Z,True,player_reception_yds,New York Jets,Denver Broncos
6,2025-10-09 19:27:43,Evan Engram,Denver Broncos,@ NYJ,Receiving Yards,14.5,-250,FanDuel,2025-10-12T13:30:00Z,True,player_reception_yds,New York Jets,Denver Broncos
6,2025-10-09 19:27:43,Evan Engram,Denver Broncos,@ NYJ,Receiving Yards,19.5,-152,FanDuel,2025-10-12T13:30:00Z,True,player_reception_yds,New York Jets,Denver Broncos
6,2025-10-09 19:27:43,Evan Engram,Denver Broncos,@ NYJ,Receiving Yards,24.5,102,FanDuel,2025-10-12T13:30:00Z,True,player_reception_yds,New York Jets,Denver Broncos
6,2025-10-09 19:27:43,Evan Engram,Denver Broncos,@ NYJ,Receiving Yards,29.5,152,FanDuel,2025-10-12T13:30:00Z,True,player_reception_yds,New York Jets,Denver Broncos
6,2025-10-09 19:27:43,Evan Engram,Denver Broncos,@ NYJ,Receptions,3.5,-148,FanDuel,2025-10-12T13:30:00Z,,player_receptions,New York Jets,Denver Broncos
6,2025-10-09 19:27:43,Evan Engram,Denver Broncos,@ NYJ,Receptions,2.5,-440,FanDuel,2025-10-12T13:30:00Z,True,player_receptions,New York Jets,Denver Broncos
6,2025-10-09 19:27:43,Evan Engram,Denver Broncos,@ NYJ,Receptions,3.5,-148,FanDuel,2025-10-12T13:30:00Z,True,player_receptions,New York Jets,Denver Broncos
6,2025-10-09 19:27:43,Evan Engram,Denver Broncos,@ NYJ,Receptions,4.5,164,FanDuel,2025-10-12T13:30:00Z,True,player_receptions,New York Jets,Denver Broncos
6,2025-10-09 19:27:43,Garrett Wilson,New York Jets,vs DEN,Receiving Yards,55.5,-114,FanDuel,2025-10-12T13:30:00Z,,player_reception_yds,New York Jets,Denver Broncos
6,2025-10-09 19:27:43,Garrett Wilson,New York Jets,vs DEN,Receiving Yards,39.5,-270,FanDuel,2025-10-12T13:30:00Z,True,player_reception_yds,New York Jets,Denver Broncos
6,2025-10-09 19:27:43,Garrett Wilson,New York Jets,vs DEN,Receiving Yards,49.5,-158,FanDuel,2025-10-12T13:30:00Z,True,player_reception_yds,New York Jets,Denver Broncos
6,2025-10-09 19:27:43,Garrett Wilson,New York Jets,vs DEN,Receiving Yards,59.5,104,FanDuel,2025-10-12T13:30:00Z,True,player_reception_yds,New York Jets,Denver Broncos
6,2025-10-09 19:27:43,Garrett Wilson,New York Jets,vs DEN,Receiving Yards,69.5,164,FanDuel,2025-10-12T13:30:00Z,True,player_reception_yds,New York Jets,Denver Broncos
6,2025-10-09 19:27:43,Garrett Wilson,New York Jets,vs DEN,Receptions,6.5,112,FanDuel,2025-10-12T13:30:00Z,,player_receptions,New York Jets,Denver Broncos
6,2025-10-09 19:27:43,Garrett Wilson,New York Jets,vs DEN,Receptions,4.5,-420,FanDuel,2025-10-12T13:30:00Z,True,player_receptions,New York Jets,Denver Broncos
6,2025-10-09 19:27:43,Garrett Wilson,New York Jets,vs DEN,Receptions,5.5,-188,FanDuel,2025-10-12T13:30:00Z,True,player_receptions,New York Jets,Denver Broncos
6,2025-10-09 19:27:43,Garrett Wilson,New York Jets,vs DEN,Receptions,6.5,110,FanDuel,2025-10-12T13:30:00Z,True,player_receptions,New York Jets,Denver Broncos
6,2025-10-09 19:27:43,Garrett Wilson,New York Jets,vs DEN,Receptions,7.5,200,FanDuel,2025-10-12T13:30:00Z,True,player_receptions,New York Jets,Denver Broncos
6,2025-10-09 19:27:43,George Pickens,Dallas Cowboys,@ CAR,Receiving Yards,70.5,-114,FanDuel,2025-10-12T17:01:00Z,,player_reception_yds,Carolina Panthers,Dallas Cowboys
6,2025-10-09 19:27:43,George Pickens,Dallas Cowboys,@ CAR,Receiving Yards,49.5,-280,FanDuel,2025-10-12T17:01:00Z,True,player_reception_yds,Carolina Panthers,Dallas Cowboys
6,2025-10-09 19:27:43,George Pickens,Dallas Cowboys,@ CAR,Receiving Yards,59.5,-182,FanDuel,2025-10-12T17:01:00Z,True,player_reception_yds,Carolina Panthers,Dallas Cowboys
6,2025-10-09 19:27:43,George Pickens,Dallas Cowboys,@ CAR,Receiving Yards,69.5,-120,FanDuel,2025-10-12T17:01:00Z,True,player_reception_yds,Carolina Panthers,Dallas Cowboys
6,2025-10-09 19:27:43,George Pickens,Dallas Cowboys,@ CAR,Receiving Yards,79.5,124,FanDuel,2025-10-12T17:01:00Z,True,player_reception_yds,Carolina Panthers,Dallas Cowboys
6,2025-10-09 19:27:43,George Pickens,Dallas Cowboys,@ CAR,Receiving Yards,89.5,174,FanDuel,2025-10-12T17:01:00Z,True,player_reception_yds,Carolina Panthers,Dallas Cowboys
6,2025-10-09 19:27:43,George Pickens,Dallas Cowboys,@ CAR,Receptions,5.5,-136,FanDuel,2025-10-12T17:01:00Z,,player_receptions,Carolina Panthers,Dallas Cowboys
6,2025-10-09 19:27:43,George Pickens,Dallas Cowboys,@ CAR,Receptions,4.5,-310,FanDuel,2025-10-12T17:01:00Z,True,player_receptions,Carolina Panthers,Dallas Cowboys
6,2025-10-09 19:27:43,George Pickens,Dallas Cowboys,@ CAR,Receptions,5.5,-136,FanDuel,2025-10-12T17:01:00Z,True,player_receptions,Carolina Panthers,Dallas Cowboys
6,2025-10-09 19:27:43,George Pickens,Dallas Cowboys,@ CAR,Receptions,6.5,154,FanDuel,2025-10-12T17:01:00Z,True,player_receptions,Carolina Panthers,Dallas Cowboys
6,2025-10-09 19:27:43,Hunter Henry,New England Patriots,@ NO,Receiving Yards,40.5,-114,FanDuel,2025-10-12T17:00:00Z,,player_reception_yds,New Orleans Saints,New England Patriots
6,2025-10-09 19:27:43,Hunter Henry,New England Patriots,@ NO,Receiving Yards,24.5,-330,FanDuel,2025-10-12T17:00:00Z,True,player_reception_yds,New Orleans Saints,New England Patriots
6,2025-10-09 19:27:43,Hunter Henry,New England Patriots,@ NO,Receiving Yards,29.5,-230,FanDuel,2025-10-12T17:00:00Z,True,player_reception_yds,New Orleans Saints,New England Patriots
6,2025-10-09 19:27:43,Hunter Henry,New England Patriots,@ NO,Receiving Yards,39.5,-122,FanDuel,2025-10-12T17:00:00Z,True,player_reception_yds,New Orleans Saints,New England Patriots
6,2025-10-09 19:27:43,Hunter Henry,New England Patriots,@ NO,Receiving Yards,49.5,142,FanDuel,2025-10-12T17:00:00Z,True,player_reception_yds,New Orleans Saints,New England Patriots
6,2025-10-09 19:27:43,Hunter Henry,New England Patriots,@ NO,Receptions,4.5,-138,FanDuel,2025-10-12T17:00:00Z,,player_receptions,New Orleans Saints,New England Patriots
6,2025-10-09 19:27:43,Hunter Henry,New England Patriots,@ NO,Receptions,3.5,-350,FanDuel,2025-10-12T17:00:00Z,True,player_receptions,New Orleans Saints,New England Patriots
6,2025-10-09 19:27:43,Hunter Henry,New England Patriots,@ NO,Receptions,4.5,-140,FanDuel,2025-10-12T17:00:00Z,True,player_receptions,New Orleans Saints,New England Patriots
6,2025-10-09 19:27:43,Hunter Henry,New England Patriots,@ NO,Receptions,5.5,154,FanDuel,2025-10-12T17:00:00Z,True,player_receptions,New Orleans Saints,New England Patriots
6,2025-10-09 19:27:43,Hunter Long,Jacksonville Jaguars,vs SEA,Receiving Yards,24.5,-114,FanDuel,2025-10-12T17:00:00Z,,player_reception_yds,Jacksonville Jaguars,Seattle Seahawks
6,2025-10-09 19:27:43,Hunter Long,Jacksonville Jaguars,vs SEA,Receiving Yards,14.5,-275,FanDuel,2025-10-12T17:00:00Z,True,player_reception_yds,Jacksonville Jaguars,Seattle Seahawks
6,2025-10-09 19:27:43,Hunter Long,Jacksonville Jaguars,vs SEA,Receiving Yards,19.5,-178,FanDuel,2025-10-12T17:00:00Z,True,player_reception_yds,Jacksonville Jaguars,Seattle Seahawks
6,2025-10-09 19:27:43,Hunter Long,Jacksonville Jaguars,vs SEA,Receiving Yards,24.5,-114,FanDuel,2025-10-12T17:00:00Z,True,player_reception_yds,Jacksonville Jaguars,Seattle Seahawks
6,2025-10-09 19:27:43,Hunter Long,Jacksonville Jaguars,vs SEA,Receiving Yards,29.5,128,FanDuel,2025-10-12T17:00:00Z,True,player_reception_yds,Jacksonville Jaguars,Seattle Seahawks
6,2025-10-09 19:27:43,J.K. Dobbins,Denver Broncos,@ NYJ,Rushing Yards,68.5,-114,FanDuel,2025-10-12T13:30:00Z,,player_rush_yds,New York Jets,Denver Broncos
6,2025-10-09 19:27:43,J.K. Dobbins,Denver Broncos,@ NYJ,Rushing Yards,49.5,-320,FanDuel,2025-10-12T13:30:00Z,True,player_rush_yds,New York Jets,Denver Broncos
6,2025-10-09 19:27:43,J.K. Dobbins,Denver Broncos,@ NYJ,Rushing Yards,59.5,-182,FanDuel,2025-10-12T13:30:00Z,True,player_rush_yds,New York Jets,Denver Broncos
6,2025-10-09 19:27:43,J.K. Dobbins,Denver Broncos,@ NYJ,Rushing Yards,69.5,-110,FanDuel,2025-10-12T13:30:00Z,True,player_rush_yds,New York Jets,Denver Broncos
6,2025-10-09 19:27:43,J.K. Dobbins,Denver Broncos,@ NYJ,Rushing Yards,79.5,142,FanDuel,2025-10-12T13:30:00Z,True,player_rush_yds,New York Jets,Denver Broncos
6,2025-10-09 19:19:02,Jahan Dotson,Philadelphia Eagles,@ NYG,Receiving Yards,9.5,-112,FanDuel,2025-10-10T00:15:00Z,,player_reception_yds,New York Giants,Philadelphia Eagles
6,2025-10-09 19:27:43,Jahan Dotson,Philadelphia Eagles,@ NYG,Receptions,2.5,172,FanDuel,2025-10-10T00:15:00Z,,player_receptions,New York Giants,Philadelphia Eagles
6,2025-10-09 19:27:43,Jahan Dotson,Philadelphia Eagles,@ NYG,Receptions,1.5,-275,FanDuel,2025-10-10T00:15:00Z,True,player_receptions,New York Giants,Philadelphia Eagles
6,2025-10-09 19:27:43,Jahan Dotson,Philadelphia Eagles,@ NYG,Receptions,2.5,168,FanDuel,2025-10-10T00:15:00Z,True,player_receptions,New York Giants,Philadelphia Eagles
6,2025-10-09 19:27:43,Jake Ferguson,Dallas Cowboys,@ CAR,Receiving Yards,46.5,-114,FanDuel,2025-10-12T17:01:00Z,,player_reception_yds,Carolina Panthers,Dallas Cowboys
6,2025-10-09 19:27:43,Jake Ferguson,Dallas Cowboys,@ CAR,Receiving Yards,29.5,-380,FanDuel,2025-10-12T17:01:00Z,True,player_reception_yds,Carolina Panthers,Dallas Cowboys
6,2025-10-09 19:27:43,Jake Ferguson,Dallas Cowboys,@ CAR,Receiving Yards,39.5,-186,FanDuel,2025-10-12T17:01:00Z,True,player_reception_yds,Carolina Panthers,Dallas Cowboys
6,2025-10-09 19:27:43,Jake Ferguson,Dallas Cowboys,@ CAR,Receiving Yards,49.5,104,FanDuel,2025-10-12T17:01:00Z,True,player_reception_yds,Carolina Panthers,Dallas Cowboys
6,2025-10-09 19:27:43,Jake Ferguson,Dallas Cowboys,@ CAR,Receiving Yards,59.5,182,FanDuel,2025-10-12T17:01:00Z,True,player_reception_yds,Carolina Panthers,Dallas Cowboys
6,2025-10-09 19:27:43,Jake Ferguson,Dallas Cowboys,@ CAR,Receptions,7.5,112,FanDuel,2025-10-12T17:01:00Z,,player_receptions,Carolina Panthers,Dallas Cowboys
6,2025-10-09 19:27:43,Jake Ferguson,Dallas Cowboys,@ CAR,Receptions,5.5,-320,FanDuel,2025-10-12T17:01:00Z,True,player_receptions,Carolina Panthers,Dallas Cowboys
6,2025-10-09 19:27:43,Jake Ferguson,Dallas Cowboys,@ CAR,Receptions,6.5,-160,FanDuel,2025-10-12T17:01:00Z,True,player_receptions,Carolina Panthers,Dallas Cowboys
6,2025-10-09 19:27:43,Jake Ferguson,Dallas Cowboys,@ CAR,Receptions,7.5,116,FanDuel,2025-10-12T17:01:00Z,True,player_receptions,Carolina Panthers,Dallas Cowboys
6,2025-10-09 19:27:43,Jake Ferguson,Dallas Cowboys,@ CAR,Receptions,8.5,198,FanDuel,2025-10-12T17:01:00Z,True,player_receptions,Carolina Panthers,Dallas Cowboys
6,2025-10-09 19:27:43,Jalen Coker,Unknown,Unknown,Receiving Yards,29.5,-114,FanDuel,2025-10-12T17:01:00Z,,player_reception_yds,Carolina Panthers,Dallas Cowboys
6,2025-10-09 19:27:43,Jalen Coker,Unknown,Unknown,Receptions,3.5,-122,FanDuel,2025-10-12T17:01:00Z,,player_receptions,Carolina Panthers,Dallas Cowboys
6,2025-10-09 19:27:43,Jalen Hurts,Philadelphia Eagles,@ NYG,Passing TDs,1.5,160,FanDuel,2025-10-10T00:15:00Z,,player_pass_tds,New York Giants,Philadelphia Eagles
6,2025-10-09 19:27:43,Jalen Hurts,Philadelphia Eagles,@ NYG,Passing TDs,0.5,-360,FanDuel,2025-10-10T00:15:00Z,True,player_pass_tds,New York Giants,Philadelphia Eagles
6,2025-10-09 19:27:43,Jalen Hurts,Philadelphia Eagles,@ NYG,Passing TDs,1.5,154,FanDuel,2025-10-10T00:15:00Z,True,player_pass_tds,New York Giants,Philadelphia Eagles
6,2025-10-09 19:27:43,Jalen Hurts,Philadelphia Eagles,@ NYG,Passing Yards,196.5,-112,FanDuel,2025-10-10T00:15:00Z,,player_pass_yds,New York Giants,Philadelphia Eagles
6,2025-10-09 19:27:43,Jalen Hurts,Philadelphia Eagles,@ NYG,Passing Yards,174.5,-220,FanDuel,2025-10-10T00:15:00Z,True,player_pass_yds,New York Giants,Philadelphia Eagles
6,2025-10-09 19:27:43,Jalen Hurts,Philadelphia Eagles,@ NYG,Passing Yards,199.5,-106,FanDuel,2025-10-10T00:15:00Z,True,player_pass_yds,New York Giants,Philadelphia Eagles
6,2025-10-09 19:27:43,Jalen Hurts,Philadelphia Eagles,@ NYG,Passing Yards,224.5,178,FanDuel,2025-10-10T00:15:00Z,True,player_pass_yds,New York Giants,Philadelphia Eagles
6,2025-10-09 19:27:43,Jalen Hurts,Philadelphia Eagles,@ NYG,Rushing Yards,40.5,-112,FanDuel,2025-10-10T00:15:00Z,,player_rush_yds,New York Giants,Philadelphia Eagles
6,2025-10-09 19:27:43,Jalen Hurts,Philadelphia Eagles,@ NYG,Rushing Yards,24.5,-400,FanDuel,2025-10-10T00:15:00Z,True,player_rush_yds,New York Giants,Philadelphia Eagles
6,2025-10-09 19:27:43,Jalen Hurts,Philadelphia Eagles,@ NYG,Rushing Yards,29.5,-260,FanDuel,2025-10-10T00:15:00Z,True,player_rush_yds,New York Giants,Philadelphia Eagles
6,2025-10-09 19:27:43,Jalen Hurts,Philadelphia Eagles,@ NYG,Rushing Yards,39.5,-125,FanDuel,2025-10-10T00:15:00Z,True,player_rush_yds,New York Giants,Philadelphia Eagles
6,2025-10-09 19:27:43,Jalen Hurts,Philadelphia Eagles,@ NYG,Rushing Yards,49.5,154,FanDuel,2025-10-10T00:15:00Z,True,player_rush_yds,New York Giants,Philadelphia Eagles
6,2025-10-09 19:19:02,Jalin Hyatt,New York Giants,vs PHI,Receiving Yards,19.5,-112,FanDuel,2025-10-10T00:15:00Z,,player_reception_yds,New York Giants,Philadelphia Eagles
6,2025-10-09 19:27:43,Jalin Hyatt,New York Giants,vs PHI,Receptions,2.5,-108,FanDuel,2025-10-10T00:15:00Z,,player_receptions,New York Giants,Philadelphia Eagles
6,2025-10-09 19:27:43,Jalin Hyatt,New York Giants,vs PHI,Receptions,2.5,-112,FanDuel,2025-10-10T00:15:00Z,True,player_receptions,New York Giants,Philadelphia Eagles
6,2025-10-09 19:27:43,Javonte Williams,Dallas Cowboys,@ CAR,Rushing Yards,75.5,-114,FanDuel,2025-10-12T17:01:00Z,,player_rush_yds,Carolina Panthers,Dallas Cowboys
6,2025-10-09 19:27:43,Jaxon Smith-Njigba,Seattle Seahawks,@ JAX,Receiving Yards,78.5,-114,FanDuel,2025-10-12T17:00:00Z,,player_reception_yds,Jacksonville Jaguars,Seattle Seahawks
6,2025-10-09 19:27:43,Jaxon Smith-Njigba,Seattle Seahawks,@ JAX,Receiving Yards,49.5,-440,FanDuel,2025-10-12T17:00:00Z,True,player_reception_yds,Jacksonville Jaguars,Seattle Seahawks
6,2025-10-09 19:27:43,Jaxon Smith-Njigba,Seattle Seahawks,@ JAX,Receiving Yards,59.5,-260,FanDuel,2025-10-12T17:00:00Z,True,player_reception_yds,Jacksonville Jaguars,Seattle Seahawks
6,2025-10-09 19:27:43,Jaxon Smith-Njigba,Seattle Seahawks,@ JAX,Receiving Yards,69.5,-168,FanDuel,2025-10-12T17:00:00Z,True,player_reception_yds,Jacksonville Jaguars,Seattle Seahawks
6,2025-10-09 19:27:43,Jaxon Smith-Njigba,Seattle Seahawks,@ JAX,Receiving Yards,79.5,-110,FanDuel,2025-10-12T17:00:00Z,True,player_reception_yds,Jacksonville Jaguars,Seattle Seahawks
6,2025-10-09 19:27:43,Jaxon Smith-Njigba,Seattle Seahawks,@ JAX,Receiving Yards,89.5,134,FanDuel,2025-10-12T17:00:00Z,True,player_reception_yds,Jacksonville Jaguars,Seattle Seahawks
6,2025-10-09 19:27:43,Jaxon Smith-Njigba,Seattle Seahawks,@ JAX,Receiving Yards,99.5,188,FanDuel,2025-10-12T17:00:00Z,True,player_reception_yds,Jacksonville Jaguars,Seattle Seahawks
6,2025-10-09 19:27:43,Jaxon Smith-Njigba,Seattle Seahawks,@ JAX,Receptions,6.5,-162,FanDuel,2025-10-12T17:00:00Z,,player_receptions,Jacksonville Jaguars,Seattle Seahawks
6,2025-10-09 19:27:43,Jaxon Smith-Njigba,Seattle Seahawks,@ JAX,Receptions,5.5,-340,FanDuel,2025-10-12T17:00:00Z,True,player_receptions,Jacksonville Jaguars,Seattle Seahawks
6,2025-10-09 19:27:43,Jaxon Smith-Njigba,Seattle Seahawks,@ JAX,Receptions,6.5,-166,FanDuel,2025-10-12T17:00:00Z,True,player_receptions,Jacksonville Jaguars,Seattle Seahawks
6,2025-10-09 19:27:43,Jaxon Smith-Njigba,Seattle Seahawks,@ JAX,Receptions,7.5,116,FanDuel,2025-10-12T17:00:00Z,True,player_receptions,Jacksonville Jaguars,Seattle Seahawks
6,2025-10-09 19:27:43,Jaxon Smith-Njigba,Seattle Seahawks,@ JAX,Receptions,8.5,200,FanDuel,2025-10-12T17:00:00Z,True,player_receptions,Jacksonville Jaguars,Seattle Seahawks
6,2025-10-09 19:27:43,Jaxson Dart,New York Giants,vs PHI,Passing TDs,0.5,-186,FanDuel,2025-10-10T00:15:00Z,,player_pass_tds,New York Giants,Philadelphia Eagles
6,2025-10-09 19:27:43,Jaxson Dart,New York Giants,vs PHI,Passing TDs,0.5,-180,FanDuel,2025-10-10T00:15:00Z,True,player_pass_tds,New York Giants,Philadelphia Eagles
6,2025-10-09 19:27:43,Jaxson Dart,New York Giants,vs PHI,Passing Yards,177.5,-112,FanDuel,2025-10-10T00:15:00Z,,player_pass_yds,New York Giants,Philadelphia Eagles
6,2025-10-09 19:27:43,Jaxson Dart,New York Giants,vs PHI,Passing Yards,149.5,-250,FanDuel,2025-10-10T00:15:00Z,True,player_pass_yds,New York Giants,Philadelphia Eagles
6,2025-10-09 19:27:43,Jaxson Dart,New York Giants,vs PHI,Passing Yards,174.5,-128,FanDuel,2025-10-10T00:15:00Z,True,player_pass_yds,New York Giants,Philadelphia Eagles
6,2025-10-09 19:27:43,Jaxson Dart,New York Giants,vs PHI,Passing Yards,199.5,158,FanDuel,2025-10-10T00:15:00Z,True,player_pass_yds,New York Giants,Philadelphia Eagles
6,2025-10-09 19:27:43,Jaxson Dart,New York Giants,vs PHI,Rushing Yards,37.5,-112,FanDuel,2025-10-10T00:15:00Z,,player_rush_yds,New York Giants,Philadelphia Eagles
6,2025-10-09 19:27:43,Jaxson Dart,New York Giants,vs PHI,Rushing Yards,24.5,-330,FanDuel,2025-10-10T00:15:00Z,True,player_rush_yds,New York Giants,Philadelphia Eagles
6,2025-10-09 19:27:43,Jaxson Dart,New York Giants,vs PHI,Rushing Yards,29.5,-215,FanDuel,2025-10-10T00:15:00Z,True,player_rush_yds,New York Giants,Philadelphia Eagles
6,2025-10-09 19:27:43,Jaxson Dart,New York Giants,vs PHI,Rushing Yards,39.5,102,FanDuel,2025-10-10T00:15:00Z,True,player_rush_yds,New York Giants,Philadelphia Eagles
6,2025-10-09 19:27:43,Jaxson Dart,New York Giants,vs PHI,Rushing Yards,49.5,188,FanDuel,2025-10-10T00:15:00Z,True,player_rush_yds,New York Giants,Philadelphia Eagles
6,2025-10-09 19:27:43,Justin Fields,New York Jets,vs DEN,Passing TDs,1.5,182,FanDuel,2025-10-12T13:30:00Z,,player_pass_tds,New York Jets,Denver Broncos
6,2025-10-09 19:27:43,Justin Fields,New York Jets,vs DEN,Passing TDs,0.5,-290,FanDuel,2025-10-12T13:30:00Z,True,player_pass_tds,New York Jets,Denver Broncos
6,2025-10-09 19:27:43,Justin Fields,New York Jets,vs DEN,Passing TDs,1.5,188,FanDuel,2025-10-12T13:30:00Z,True,player_pass_tds,New York Jets,Denver Broncos
6,2025-10-09 19:27:43,Justin Fields,New York Jets,vs DEN,Passing Yards,188.5,-114,FanDuel,2025-10-12T13:30:00Z,,player_pass_yds,New York Jets,Denver Broncos
6,2025-10-09 19:27:43,Justin Fields,New York Jets,vs DEN,Passing Yards,149.5,-320,FanDuel,2025-10-12T13:30:00Z,True,player_pass_yds,New York Jets,Denver Broncos
6,2025-10-09 19:27:43,Justin Fields,New York Jets,vs DEN,Passing Yards,174.5,-166,FanDuel,2025-10-12T13:30:00Z,True,player_pass_yds,New York Jets,Denver Broncos
6,2025-10-09 19:27:43,Justin Fields,New York Jets,vs DEN,Passing Yards,199.5,118,FanDuel,2025-10-12T13:30:00Z,True,player_pass_yds,New York Jets,Denver Broncos
6,2025-10-09 19:27:43,Justin Fields,New York Jets,vs DEN,Rushing Yards,36.5,-114,FanDuel,2025-10-12T13:30:00Z,,player_rush_yds,New York Jets,Denver Broncos
6,2025-10-09 19:27:43,Justin Fields,New York Jets,vs DEN,Rushing Yards,24.5,-310,FanDuel,2025-10-12T13:30:00Z,True,player_rush_yds,New York Jets,Denver Broncos
6,2025-10-09 19:27:43,Justin Fields,New York Jets,vs DEN,Rushing Yards,29.5,-200,FanDuel,2025-10-12T13:30:00Z,True,player_rush_yds,New York Jets,Denver Broncos
6,2025-10-09 19:27:43,Justin Fields,New York Jets,vs DEN,Rushing Yards,39.5,108,FanDuel,2025-10-12T13:30:00Z,True,player_rush_yds,New York Jets,Denver Broncos
6,2025-10-09 19:27:43,Justin Fields,New York Jets,vs DEN,Rushing Yards,49.5,198,FanDuel,2025-10-12T13:30:00Z,True,player_rush_yds,New York Jets,Denver Broncos
6,2025-10-09 19:27:43,Kayshon Boutte,New England Patriots,@ NO,Receiving Yards,27.5,-114,FanDuel,2025-10-12T17:00:00Z,,player_reception_yds,New Orleans Saints,New England Patriots
6,2025-10-09 19:27:43,Kayshon Boutte,New England Patriots,@ NO,Receiving Yards,14.5,-300,FanDuel,2025-10-12T17:00:00Z,True,player_reception_yds,New Orleans Saints,New England Patriots
6,2025-10-09 19:27:43,Kayshon Boutte,New England Patriots,@ NO,Receiving Yards,19.5,-205,FanDuel,2025-10-12T17:00:00Z,True,player_reception_yds,New Orleans Saints,New England Patriots
6,2025-10-09 19:27:43,Kayshon Boutte,New England Patriots,@ NO,Receiving Yards,24.5,-140,FanDuel,2025-10-12T17:00:00Z,True,player_reception_yds,New Orleans Saints,New England Patriots
6,2025-10-09 19:27:43,Kayshon Boutte,New England Patriots,@ NO,Receiving Yards,29.5,-102,FanDuel,2025-10-12T17:00:00Z,True,player_reception_yds,New Orleans Saints,New England Patriots
6,2025-10-09 19:27:43,Kayshon Boutte,New England Patriots,@ NO,Receiving Yards,39.5,168,FanDuel,2025-10-12T17:00:00Z,True,player_reception_yds,New Orleans Saints,New England Patriots
6,2025-10-09 19:27:43,Kayshon Boutte,New England Patriots,@ NO,Receptions,3.5,128,FanDuel,2025-10-12T17:00:00Z,,player_receptions,New Orleans Saints,New England Patriots
6,2025-10-09 19:27:43,Kayshon Boutte,New England Patriots,@ NO,Receptions,2.5,-245,FanDuel,2025-10-12T17:00:00Z,True,player_receptions,New Orleans Saints,New England Patriots
6,2025-10-09 19:27:43,Kayshon Boutte,New England Patriots,@ NO,Receptions,3.5,128,FanDuel,2025-10-12T17:00:00Z,True,player_receptions,New Orleans Saints,New England Patriots
6,2025-10-09 19:27:43,Kenneth Walker III,Seattle Seahawks,@ JAX,Receiving Yards,11.5,-114,FanDuel,2025-10-12T17:00:00Z,,player_reception_yds,Jacksonville Jaguars,Seattle Seahawks
6,2025-10-09 19:27:43,Kenneth Walker III,Seattle Seahawks,@ JAX,Receiving Yards,4.5,-320,FanDuel,2025-10-12T17:00:00Z,True,player_reception_yds,Jacksonville Jaguars,Seattle Seahawks
6,2025-10-09 19:27:43,Kenneth Walker III,Seattle Seahawks,@ JAX,Receiving Yards,9.5,-148,FanDuel,2025-10-12T17:00:00Z,True,player_reception_yds,Jacksonville Jaguars,Seattle Seahawks
6,2025-10-09 19:27:43,Kenneth Walker III,Seattle Seahawks,@ JAX,Receiving Yards,14.5,120,FanDuel,2025-10-12T17:00:00Z,True,player_reception_yds,Jacksonville Jaguars,Seattle Seahawks
6,2025-10-09 19:27:43,Kenneth Walker III,Seattle Seahawks,@ JAX,Receiving Yards,19.5,188,FanDuel,2025-10-12T17:00:00Z,True,player_reception_yds,Jacksonville Jaguars,Seattle Seahawks
6,2025-10-09 19:27:43,Kenneth Walker III,Seattle Seahawks,@ JAX,Receptions,2.5,-154,FanDuel,2025-10-12T17:00:00Z,,player_receptions,Jacksonville Jaguars,Seattle Seahawks
6,2025-10-09 19:27:43,Kenneth Walker III,Seattle Seahawks,@ JAX,Receptions,2.5,-154,FanDuel,2025-10-12T17:00:00Z,True,player_receptions,Jacksonville Jaguars,Seattle Seahawks
6,2025-10-09 19:27:43,Kenneth Walker III,Seattle Seahawks,@ JAX,Receptions,3.5,194,FanDuel,2025-10-12T17:00:00Z,True,player_receptions,Jacksonville Jaguars,Seattle Seahawks
6,2025-10-09 19:27:43,Kenneth Walker III,Seattle Seahawks,@ JAX,Rushing Yards,52.5,-114,FanDuel,2025-10-12T17:00:00Z,,player_rush_yds,Jacksonville Jaguars,Seattle Seahawks
6,2025-10-09 19:27:43,Kenneth Walker III,Seattle Seahawks,@ JAX,Rushing Yards,39.5,-260,FanDuel,2025-10-12T17:00:00Z,True,player_rush_yds,Jacksonville Jaguars,Seattle Seahawks
6,2025-10-09 19:27:43,Kenneth Walker III,Seattle Seahawks,@ JAX,Rushing Yards,49.5,-138,FanDuel,2025-10-12T17:00:00Z,True,player_rush_yds,Jacksonville Jaguars,Seattle Seahawks
6,2025-10-09 19:27:43,Kenneth Walker III,Seattle Seahawks,@ JAX,Rushing Yards,59.5,126,FanDuel,2025-10-12T17:00:00Z,True,player_rush_yds,Jacksonville Jaguars,Seattle Seahawks
6,2025-10-09 19:27:43,Kenneth Walker III,Seattle Seahawks,@ JAX,Rushing Yards,69.5,200,FanDuel,2025-10-12T17:00:00Z,True,player_rush_yds,Jacksonville Jaguars,Seattle Seahawks
6,2025-10-09 19:27:43,Marvin Mims Jr.,Denver Broncos,@ NYJ,Receiving Yards,27.5,-114,FanDuel,2025-10-12T13:30:00Z,,player_reception_yds,New York Jets,Denver Broncos
6,2025-10-09 19:27:43,Marvin Mims Jr.,Denver Broncos,@ NYJ,Receiving Yards,14.5,-310,FanDuel,2025-10-12T13:30:00Z,True,player_reception_yds,New York Jets,Denver Broncos
6,2025-10-09 19:27:43,Marvin Mims Jr.,Denver Broncos,@ NYJ,Receiving Yards,19.5,-205,FanDuel,2025-10-12T13:30:00Z,True,player_reception_yds,New York Jets,Denver Broncos
6,2025-10-09 19:27:43,Marvin Mims Jr.,Denver Broncos,@ NYJ,Receiving Yards,24.5,-140,FanDuel,2025-10-12T13:30:00Z,True,player_reception_yds,New York Jets,Denver Broncos
6,2025-10-09 19:27:43,Marvin Mims Jr.,Denver Broncos,@ NYJ,Receiving Yards,29.5,-102,FanDuel,2025-10-12T13:30:00Z,True,player_reception_yds,New York Jets,Denver Broncos
6,2025-10-09 19:27:43,Marvin Mims Jr.,Denver Broncos,@ NYJ,Receiving Yards,39.5,172,FanDuel,2025-10-12T13:30:00Z,True,player_reception_yds,New York Jets,Denver Broncos
6,2025-10-09 19:27:43,Marvin Mims Jr.,Denver Broncos,@ NYJ,Receptions,3.5,114,FanDuel,2025-10-12T13:30:00Z,,player_receptions,New York Jets,Denver Broncos
6,2025-10-09 19:27:43,Marvin Mims Jr.,Denver Broncos,@ NYJ,Receptions,2.5,-270,FanDuel,2025-10-12T13:30:00Z,True,player_receptions,New York Jets,Denver Broncos
6,2025-10-09 19:27:43,Marvin Mims Jr.,Denver Broncos,@ NYJ,Receptions,3.5,114,FanDuel,2025-10-12T13:30:00Z,True,player_receptions,New York Jets,Denver Broncos
6,2025-10-09 19:27:43,Mason Taylor,New York Jets,vs DEN,Receiving Yards,34.5,-114,FanDuel,2025-10-12T13:30:00Z,,player_reception_yds,New York Jets,Denver Broncos
6,2025-10-09 19:27:43,Mason Taylor,New York Jets,vs DEN,Receiving Yards,19.5,-380,FanDuel,2025-10-12T13:30:00Z,True,player_reception_yds,New York Jets,Denver Broncos
6,2025-10-09 19:27:43,Mason Taylor,New York Jets,vs DEN,Receiving Yards,24.5,-245,FanDuel,2025-10-12T13:30:00Z,True,player_reception_yds,New York Jets,Denver Broncos
6,2025-10-09 19:27:43,Mason Taylor,New York Jets,vs DEN,Receiving Yards,29.5,-166,FanDuel,2025-10-12T13:30:00Z,True,player_reception_yds,New York Jets,Denver Broncos
6,2025-10-09 19:27:43,Mason Taylor,New York Jets,vs DEN,Receiving Yards,39.5,120,FanDuel,2025-10-12T13:30:00Z,True,player_reception_yds,New York Jets,Denver Broncos
6,2025-10-09 19:27:43,Mason Taylor,New York Jets,vs DEN,Receptions,5.5,144,FanDuel,2025-10-12T13:30:00Z,,player_receptions,New York Jets,Denver Broncos
6,2025-10-09 19:27:43,Mason Taylor,New York Jets,vs DEN,Receptions,3.5,-390,FanDuel,2025-10-12T13:30:00Z,True,player_receptions,New York Jets,Denver Broncos
6,2025-10-09 19:27:43,Mason Taylor,New York Jets,vs DEN,Receptions,4.5,-154,FanDuel,2025-10-12T13:30:00Z,True,player_receptions,New York Jets,Denver Broncos
6,2025-10-09 19:27:43,Mason Taylor,New York Jets,vs DEN,Receptions,5.5,142,FanDuel,2025-10-12T13:30:00Z,True,player_receptions,New York Jets,Denver Broncos
6,2025-10-09 19:27:43,RJ Harvey,Denver Broncos,@ NYJ,Receiving Yards,13.5,-114,FanDuel,2025-10-12T13:30:00Z,,player_reception_yds,New York Jets,Denver Broncos
6,2025-10-09 19:27:43,RJ Harvey,Denver Broncos,@ NYJ,Receiving Yards,4.5,-400,FanDuel,2025-10-12T13:30:00Z,True,player_reception_yds,New York Jets,Denver Broncos
6,2025-10-09 19:27:43,RJ Harvey,Denver Broncos,@ NYJ,Receiving Yards,9.5,-188,FanDuel,2025-10-12T13:30:00Z,True,player_reception_yds,New York Jets,Denver Broncos
6,2025-10-09 19:27:43,RJ Harvey,Denver Broncos,@ NYJ,Receiving Yards,14.5,-102,FanDuel,2025-10-12T13:30:00Z,True,player_reception_yds,New York Jets,Denver Broncos
6,2025-10-09 19:27:43,RJ Harvey,Denver Broncos,@ NYJ,Receiving Yards,19.5,158,FanDuel,2025-10-12T13:30:00Z,True,player_reception_yds,New York Jets,Denver Broncos
6,2025-10-09 19:27:43,RJ Harvey,Denver Broncos,@ NYJ,Receptions,3.5,102,FanDuel,2025-10-12T13:30:00Z,,player_receptions,New York Jets,Denver Broncos
6,2025-10-09 19:27:43,RJ Harvey,Denver Broncos,@ NYJ,Receptions,2.5,-280,FanDuel,2025-10-12T13:30:00Z,True,player_receptions,New York Jets,Denver Broncos
6,2025-10-09 19:27:43,RJ Harvey,Denver Broncos,@ NYJ,Receptions,3.5,102,FanDuel,2025-10-12T13:30:00Z,True,player_receptions,New York Jets,Denver Broncos
6,2025-10-09 19:27:43,RJ Harvey,Denver Broncos,@ NYJ,Rushing Yards,31.5,-114,FanDuel,2025-10-12T13:30:00Z,,player_rush_yds,New York Jets,Denver Broncos
6,2025-10-09 19:27:43,RJ Harvey,Denver Broncos,@ NYJ,Rushing Yards,19.5,-320,FanDuel,2025-10-12T13:30:00Z,True,player_rush_yds,New York Jets,Denver Broncos
6,2025-10-09 19:27:43,RJ Harvey,Denver Broncos,@ NYJ,Rushing Yards,24.5,-205,FanDuel,2025-10-12T13:30:00Z,True,player_rush_yds,New York Jets,Denver Broncos
6,2025-10-09 19:27:43,RJ Harvey,Denver Broncos,@ NYJ,Rushing Yards,29.5,-136,FanDuel,2025-10-12T13:30:00Z,True,player_rush_yds,New York Jets,Denver Broncos
6,2025-10-09 19:27:43,RJ Harvey,Denver Broncos,@ NYJ,Rushing Yards,39.5,154,FanDuel,2025-10-12T13:30:00Z,True,player_rush_yds,New York Jets,Denver Broncos
6,2025-10-09 19:27:43,Rashid Shaheed,New Orleans Saints,vs NE,Receiving Yards,46.5,-114,FanDuel,2025-10-12T17:00:00Z,,player_reception_yds,New Orleans Saints,New England Patriots
6,2025-10-09 19:27:43,Rashid Shaheed,New Orleans Saints,vs NE,Receiving Yards,24.5,-440,FanDuel,2025-10-12T17:00:00Z,True,player_reception_yds,New Orleans Saints,New England Patriots
6,2025-10-09 19:27:43,Rashid Shaheed,New Orleans Saints,vs NE,Receiving Yards,29.5,-310,FanDuel,2025-10-12T17:00:00Z,True,player_reception_yds,New Orleans Saints,New England Patriots
6,2025-10-09 19:27:43,Rashid Shaheed,New Orleans Saints,vs NE,Receiving Yards,39.5,-166,FanDuel,2025-10-12T17:00:00Z,True,player_reception_yds,New Orleans Saints,New England Patriots
6,2025-10-09 19:27:43,Rashid Shaheed,New Orleans Saints,vs NE,Receiving Yards,49.5,102,FanDuel,2025-10-12T17:00:00Z,True,player_reception_yds,New Orleans Saints,New England Patriots
6,2025-10-09 19:27:43,Rashid Shaheed,New Orleans Saints,vs NE,Receiving Yards,59.5,162,FanDuel,2025-10-12T17:00:00Z,True,player_reception_yds,New Orleans Saints,New England Patriots
6,2025-10-09 19:27:43,Rashid Shaheed,New Orleans Saints,vs NE,Receptions,4.5,-158,FanDuel,2025-10-12T17:00:00Z,,player_receptions,New Orleans Saints,New England Patriots
6,2025-10-09 19:27:43,Rashid Shaheed,New Orleans Saints,vs NE,Receptions,3.5,-390,FanDuel,2025-10-12T17:00:00Z,True,player_receptions,New Orleans Saints,New England Patriots
6,2025-10-09 19:27:43,Rashid Shaheed,New Orleans Saints,vs NE,Receptions,4.5,-154,FanDuel,2025-10-12T17:00:00Z,True,player_receptions,New Orleans Saints,New England Patriots
6,2025-10-09 19:27:43,Rashid Shaheed,New Orleans Saints,vs NE,Receptions,5.5,142,FanDuel,2025-10-12T17:00:00Z,True,player_receptions,New Orleans Saints,New England Patriots
6,2025-10-09 19:27:43,Rhamondre Stevenson,New England Patriots,@ NO,Receiving Yards,13.5,-114,FanDuel,2025-10-12T17:00:00Z,,player_reception_yds,New Orleans Saints,New England Patriots
6,2025-10-09 19:27:43,Rhamondre Stevenson,New England Patriots,@ NO,Receiving Yards,4.5,-400,FanDuel,2025-10-12T17:00:00Z,True,player_reception_yds,New Orleans Saints,New England Patriots
6,2025-10-09 19:27:43,Rhamondre Stevenson,New England Patriots,@ NO,Receiving Yards,9.5,-188,FanDuel,2025-10-12T17:00:00Z,True,player_reception_yds,New Orleans Saints,New England Patriots
6,2025-10-09 19:27:43,Rhamondre Stevenson,New England Patriots,@ NO,Receiving Yards,14.5,-102,FanDuel,2025-10-12T17:00:00Z,True,player_reception_yds,New Orleans Saints,New England Patriots
6,2025-10-09 19:27:43,Rhamondre Stevenson,New England Patriots,@ NO,Receiving Yards,19.5,162,FanDuel,2025-10-12T17:00:00Z,True,player_reception_yds,New Orleans Saints,New England Patriots
6,2025-10-09 19:27:43,Rhamondre Stevenson,New England Patriots,@ NO,Receptions,3.5,116,FanDuel,2025-10-12T17:00:00Z,,player_receptions,New Orleans Saints,New England Patriots
6,2025-10-09 19:27:43,Rhamondre Stevenson,New England Patriots,@ NO,Receptions,2.5,-250,FanDuel,2025-10-12T17:00:00Z,True,player_receptions,New Orleans Saints,New England Patriots
6,2025-10-09 19:27:43,Rhamondre Stevenson,New England Patriots,@ NO,Receptions,3.5,114,FanDuel,2025-10-12T17:00:00Z,True,player_receptions,New Orleans Saints,New England Patriots
6,2025-10-09 19:27:43,Rhamondre Stevenson,New England Patriots,@ NO,Rushing Yards,43.5,-108,FanDuel,2025-10-12T17:00:00Z,,player_rush_yds,New Orleans Saints,New England Patriots
6,2025-10-09 19:27:43,Rhamondre Stevenson,New England Patriots,@ NO,Rushing Yards,24.5,-440,FanDuel,2025-10-12T17:00:00Z,True,player_rush_yds,New Orleans Saints,New England Patriots
6,2025-10-09 19:27:43,Rhamondre Stevenson,New England Patriots,@ NO,Rushing Yards,29.5,-290,FanDuel,2025-10-12T17:00:00Z,True,player_rush_yds,New Orleans Saints,New England Patriots
6,2025-10-09 19:27:43,Rhamondre Stevenson,New England Patriots,@ NO,Rushing Yards,39.5,-138,FanDuel,2025-10-12T17:00:00Z,True,player_rush_yds,New Orleans Saints,New England Patriots
6,2025-10-09 19:27:43,Rhamondre Stevenson,New England Patriots,@ NO,Rushing Yards,49.5,132,FanDuel,2025-10-12T17:00:00Z,True,player_rush_yds,New Orleans Saints,New England Patriots
6,2025-10-09 19:27:43,Sam Darnold,Seattle Seahawks,@ JAX,Passing TDs,1.5,108,FanDuel,2025-10-12T17:00:00Z,,player_pass_tds,Jacksonville Jaguars,Seattle Seahawks
6,2025-10-09 19:27:43,Sam Darnold,Seattle Seahawks,@ JAX,Passing TDs,1.5,104,FanDuel,2025-10-12T17:00:00Z,True,player_pass_tds,Jacksonville Jaguars,Seattle Seahawks
6,2025-10-09 19:27:43,Sam Darnold,Seattle Seahawks,@ JAX,Passing Yards,238.5,-114,FanDuel,2025-10-12T17:00:00Z,,player_pass_yds,Jacksonville Jaguars,Seattle Seahawks
6,2025-10-09 19:27:43,Sam Darnold,Seattle Seahawks,@ JAX,Passing Yards,199.5,-310,FanDuel,2025-10-12T17:00:00Z,True,player_pass_yds,Jacksonville Jaguars,Seattle Seahawks
6,2025-10-09 19:27:43,Sam Darnold,Seattle Seahawks,@ JAX,Passing Yards,224.5,-162,FanDuel,2025-10-12T17:00:00Z,True,player_pass_yds,Jacksonville Jaguars,Seattle Seahawks
6,2025-10-09 19:27:43,Sam Darnold,Seattle Seahawks,@ JAX,Passing Yards,249.5,116,FanDuel,2025-10-12T17:00:00Z,True,player_pass_yds,Jacksonville Jaguars,Seattle Seahawks
6,2025-10-09 19:27:43,Saquon Barkley,Philadelphia Eagles,@ NYG,Receiving Yards,17.5,-112,FanDuel,2025-10-10T00:15:00Z,,player_reception_yds,New York Giants,Philadelphia Eagles
6,2025-10-09 19:27:43,Saquon Barkley,Philadelphia Eagles,@ NYG,Receiving Yards,9.5,-265,FanDuel,2025-10-10T00:15:00Z,True,player_reception_yds,New York Giants,Philadelphia Eagles
6,2025-10-09 19:27:43,Saquon Barkley,Philadelphia Eagles,@ NYG,Receiving Yards,14.5,-150,FanDuel,2025-10-10T00:15:00Z,True,player_reception_yds,New York Giants,Philadelphia Eagles
6,2025-10-09 19:27:43,Saquon Barkley,Philadelphia Eagles,@ NYG,Receiving Yards,19.5,106,FanDuel,2025-10-10T00:15:00Z,True,player_reception_yds,New York Giants,Philadelphia Eagles
6,2025-10-09 19:27:43,Saquon Barkley,Philadelphia Eagles,@ NYG,Receiving Yards,24.5,158,FanDuel,2025-10-10T00:15:00Z,True,player_reception_yds,New York Giants,Philadelphia Eagles
6,2025-10-09 19:27:43,Saquon Barkley,Philadelphia Eagles,@ NYG,Receptions,3.5,100,FanDuel,2025-10-10T00:15:00Z,,player_receptions,New York Giants,Philadelphia Eagles
6,2025-10-09 19:27:43,Saquon Barkley,Philadelphia Eagles,@ NYG,Receptions,2.5,-300,FanDuel,2025-10-10T00:15:00Z,True,player_receptions,New York Giants,Philadelphia Eagles
6,2025-10-09 19:27:43,Saquon Barkley,Philadelphia Eagles,@ NYG,Receptions,3.5,-104,FanDuel,2025-10-10T00:15:00Z,True,player_receptions,New York Giants,Philadelphia Eagles
6,2025-10-09 19:27:43,Saquon Barkley,Philadelphia Eagles,@ NYG,Rushing Yards,88.5,-112,FanDuel,2025-10-10T00:15:00Z,,player_rush_yds,New York Giants,Philadelphia Eagles
6,2025-10-09 19:27:43,Saquon Barkley,Philadelphia Eagles,@ NYG,Rushing Yards,69.5,-275,FanDuel,2025-10-10T00:15:00Z,True,player_rush_yds,New York Giants,Philadelphia Eagles
6,2025-10-09 19:27:43,Saquon Barkley,Philadelphia Eagles,@ NYG,Rushing Yards,79.5,-172,FanDuel,2025-10-10T00:15:00Z,True,player_rush_yds,New York Giants,Philadelphia Eagles
6,2025-10-09 19:27:43,Saquon Barkley,Philadelphia Eagles,@ NYG,Rushing Yards,89.5,-110,FanDuel,2025-10-10T00:15:00Z,True,player_rush_yds,New York Giants,Philadelphia Eagles
6,2025-10-09 19:27:43,Saquon Barkley,Philadelphia Eagles,@ NYG,Rushing Yards,99.5,136,FanDuel,2025-10-10T00:15:00Z,True,player_rush_yds,New York Giants,Philadelphia Eagles
6,2025-10-09 19:27:43,Saquon Barkley,Philadelphia Eagles,@ NYG,Rushing Yards,109.5,198,FanDuel,2025-10-10T00:15:00Z,True,player_rush_yds,New York Giants,Philadelphia Eagles
6,2025-10-09 19:27:43,Spencer Rattler,New Orleans Saints,vs NE,Passing TDs,1.5,116,FanDuel,2025-10-12T17:00:00Z,,player_pass_tds,New Orleans Saints,New England Patriots
6,2025-10-09 19:27:43,Spencer Rattler,New Orleans Saints,vs NE,Passing TDs,1.5,114,FanDuel,2025-10-12T17:00:00Z,True,player_pass_tds,New Orleans Saints,New England Patriots
6,2025-10-09 19:27:43,Spencer Rattler,New Orleans Saints,vs NE,Passing Yards,210.5,-114,FanDuel,2025-10-12T17:00:00Z,,player_pass_yds,New Orleans Saints,New England Patriots
6,2025-10-09 19:27:43,Spencer Rattler,New Orleans Saints,vs NE,Passing Yards,174.5,-300,FanDuel,2025-10-12T17:00:00Z,True,player_pass_yds,New Orleans Saints,New England Patriots
6,2025-10-09 19:27:43,Spencer Rattler,New Orleans Saints,vs NE,Passing Yards,199.5,-154,FanDuel,2025-10-12T17:00:00Z,True,player_pass_yds,New Orleans Saints,New England Patriots
6,2025-10-09 19:27:43,Spencer Rattler,New Orleans Saints,vs NE,Passing Yards,224.5,124,FanDuel,2025-10-12T17:00:00Z,True,player_pass_yds,New Orleans Saints,New England Patriots
6,2025-10-09 19:27:43,Stefon Diggs,New England Patriots,@ NO,Receiving Yards,60.5,-114,FanDuel,2025-10-12T17:00:00Z,,player_reception_yds,New Orleans Saints,New England Patriots
6,2025-10-09 19:27:43,Stefon Diggs,New England Patriots,@ NO,Receiving Yards,39.5,-330,FanDuel,2025-10-12T17:00:00Z,True,player_reception_yds,New Orleans Saints,New England Patriots
6,2025-10-09 19:27:43,Stefon Diggs,New England Patriots,@ NO,Receiving Yards,49.5,-194,FanDuel,2025-10-12T17:00:00Z,True,player_reception_yds,New Orleans Saints,New England Patriots
6,2025-10-09 19:27:43,Stefon Diggs,New England Patriots,@ NO,Receiving Yards,59.5,-120,FanDuel,2025-10-12T17:00:00Z,True,player_reception_yds,New Orleans Saints,New England Patriots
6,2025-10-09 19:27:43,Stefon Diggs,New England Patriots,@ NO,Receiving Yards,69.5,130,FanDuel,2025-10-12T17:00:00Z,True,player_reception_yds,New Orleans Saints,New England Patriots
6,2025-10-09 19:27:43,Stefon Diggs,New England Patriots,@ NO,Receiving Yards,79.5,188,FanDuel,2025-10-12T17:00:00Z,True,player_reception_yds,New Orleans Saints,New England Patriots
6,2025-10-09 19:27:43,Stefon Diggs,New England Patriots,@ NO,Receptions,5.5,-158,FanDuel,2025-10-12T17:00:00Z,,player_receptions,New Orleans Saints,New England Patriots
6,2025-10-09 19:27:43,Stefon Diggs,New England Patriots,@ NO,Receptions,4.5,-340,FanDuel,2025-10-12T17:00:00Z,True,player_receptions,New Orleans Saints,New England Patriots
6,2025-10-09 19:27:43,Stefon Diggs,New England Patriots,@ NO,Receptions,5.5,-158,FanDuel,2025-10-12T17:00:00Z,True,player_receptions,New Orleans Saints,New England Patriots
6,2025-10-09 19:27:43,Stefon Diggs,New England Patriots,@ NO,Receptions,6.5,126,FanDuel,2025-10-12T17:00:00Z,True,player_receptions,New Orleans Saints,New England Patriots
6,2025-10-09 19:27:43,Tetairoa McMillan,Carolina Panthers,vs DAL,Receiving Yards,70.5,-114,FanDuel,2025-10-12T17:01:00Z,,player_reception_yds,Carolina Panthers,Dallas Cowboys
6,2025-10-09 19:27:43,Tetairoa McMillan,Carolina Panthers,vs DAL,Receiving Yards,49.5,-300,FanDuel,2025-10-12T17:01:00Z,True,player_reception_yds,Carolina Panthers,Dallas Cowboys
6,2025-10-09 19:27:43,Tetairoa McMillan,Carolina Panthers,vs DAL,Receiving Yards,59.5,-188,FanDuel,2025-10-12T17:01:00Z,True,player_reception_yds,Carolina Panthers,Dallas Cowboys
6,2025-10-09 19:27:43,Tetairoa McMillan,Carolina Panthers,vs DAL,Receiving Yards,69.5,-120,FanDuel,2025-10-12T17:01:00Z,True,player_reception_yds,Carolina Panthers,Dallas Cowboys
6,2025-10-09 19:27:43,Tetairoa McMillan,Carolina Panthers,vs DAL,Receiving Yards,79.5,124,FanDuel,2025-10-12T17:01:00Z,True,player_reception_yds,Carolina Panthers,Dallas Cowboys
6,2025-10-09 19:27:43,Tetairoa McMillan,Carolina Panthers,vs DAL,Receiving Yards,89.5,178,FanDuel,2025-10-12T17:01:00Z,True,player_reception_yds,Carolina Panthers,Dallas Cowboys
6,2025-10-09 19:27:43,Tetairoa McMillan,Carolina Panthers,vs DAL,Receptions,5.5,-178,FanDuel,2025-10-12T17:01:00Z,,player_receptions,Carolina Panthers,Dallas Cowboys
6,2025-10-09 19:27:43,Tetairoa McMillan,Carolina Panthers,vs DAL,Receptions,4.5,-400,FanDuel,2025-10-12T17:01:00Z,True,player_receptions,Carolina Panthers,Dallas Cowboys
6,2025-10-09 19:27:43,Tetairoa McMillan,Carolina Panthers,vs DAL,Receptions,5.5,-178,FanDuel,2025-10-12T17:01:00Z,True,player_receptions,Carolina Panthers,Dallas Cowboys
6,2025-10-09 19:27:43,Tetairoa McMillan,Carolina Panthers,vs DAL,Receptions,6.5,118,FanDuel,2025-10-12T17:01:00Z,True,player_receptions,Carolina Panthers,Dallas Cowboys
6,2025-10-09 19:27:43,Theo Johnson,New York Giants,vs PHI,Receiving Yards,30.5,-112,FanDuel,2025-10-10T00:15:00Z,,player_reception_yds,New York Giants,Philadelphia Eagles
6,2025-10-09 19:27:43,Theo Johnson,New York Giants,vs PHI,Receiving Yards,19.5,-295,FanDuel,2025-10-10T00:15:00Z,True,player_reception_yds,New York Giants,Philadelphia Eagles
6,2025-10-09 19:27:43,Theo Johnson,New York Giants,vs PHI,Receiving Yards,24.5,-186,FanDuel,2025-10-10T00:15:00Z,True,player_reception_yds,New York Giants,Philadelphia Eagles
6,2025-10-09 19:27:43,Theo Johnson,New York Giants,vs PHI,Receiving Yards,29.5,-125,FanDuel,2025-10-10T00:15:00Z,True,player_reception_yds,New York Giants,Philadelphia Eagles
6,2025-10-09 19:27:43,Theo Johnson,New York Giants,vs PHI,Receiving Yards,39.5,158,FanDuel,2025-10-10T00:15:00Z,True,player_reception_yds,New York Giants,Philadelphia Eagles
6,2025-10-09 19:27:43,Theo Johnson,New York Giants,vs PHI,Receptions,4.5,-116,FanDuel,2025-10-10T00:15:00Z,,player_receptions,New York Giants,Philadelphia Eagles
6,2025-10-09 19:27:43,Theo Johnson,New York Giants,vs PHI,Receptions,3.5,-310,FanDuel,2025-10-10T00:15:00Z,True,player_receptions,New York Giants,Philadelphia Eagles
6,2025-10-09 19:27:43,Theo Johnson,New York Giants,vs PHI,Receptions,4.5,-128,FanDuel,2025-10-10T00:15:00Z,True,player_receptions,New York Giants,Philadelphia Eagles
6,2025-10-09 19:27:43,Theo Johnson,New York Giants,vs PHI,Receptions,5.5,174,FanDuel,2025-10-10T00:15:00Z,True,player_receptions,New York Giants,Philadelphia Eagles
6,2025-10-09 19:27:43,Tory Horton,Seattle Seahawks,@ JAX,Receiving Yards,21.5,-114,FanDuel,2025-10-12T17:00:00Z,,player_reception_yds,Jacksonville Jaguars,Seattle Seahawks
6,2025-10-09 19:27:43,Tory Horton,Seattle Seahawks,@ JAX,Receiving Yards,9.5,-340,FanDuel,2025-10-12T17:00:00Z,True,player_reception_yds,Jacksonville Jaguars,Seattle Seahawks
6,2025-10-09 19:27:43,Tory Horton,Seattle Seahawks,@ JAX,Receiving Yards,14.5,-210,FanDuel,2025-10-12T17:00:00Z,True,player_reception_yds,Jacksonville Jaguars,Seattle Seahawks
6,2025-10-09 19:27:43,Tory Horton,Seattle Seahawks,@ JAX,Receiving Yards,19.5,-136,FanDuel,2025-10-12T17:00:00Z,True,player_reception_yds,Jacksonville Jaguars,Seattle Seahawks
6,2025-10-09 19:27:43,Tory Horton,Seattle Seahawks,@ JAX,Receiving Yards,24.5,110,FanDuel,2025-10-12T17:00:00Z,True,player_reception_yds,Jacksonville Jaguars,Seattle Seahawks
6,2025-10-09 19:27:43,Tory Horton,Seattle Seahawks,@ JAX,Receiving Yards,29.5,152,FanDuel,2025-10-12T17:00:00Z,True,player_reception_yds,Jacksonville Jaguars,Seattle Seahawks
6,2025-10-09 19:27:43,Tory Horton,Seattle Seahawks,@ JAX,Receptions,3.5,140,FanDuel,2025-10-12T17:00:00Z,,player_receptions,Jacksonville Jaguars,Seattle Seahawks
6,2025-10-09 19:27:43,Tory Horton,Seattle Seahawks,@ JAX,Receptions,2.5,-220,FanDuel,2025-10-12T17:00:00Z,True,player_receptions,Jacksonville Jaguars,Seattle Seahawks
6,2025-10-09 19:27:43,Tory Horton,Seattle Seahawks,@ JAX,Receptions,3.5,140,FanDuel,2025-10-12T17:00:00Z,True,player_receptions,Jacksonville Jaguars,Seattle Seahawks
6,2025-10-09 19:27:43,Travis Etienne Jr.,Jacksonville Jaguars,vs SEA,Receiving Yards,14.5,-114,FanDuel,2025-10-12T17:00:00Z,,player_reception_yds,Jacksonville Jaguars,Seattle Seahawks
6,2025-10-09 19:27:43,Travis Etienne Jr.,Jacksonville Jaguars,vs SEA,Receiving Yards,4.5,-450,FanDuel,2025-10-12T17:00:00Z,True,player_reception_yds,Jacksonville Jaguars,Seattle Seahawks
6,2025-10-09 19:27:43,Travis Etienne Jr.,Jacksonville Jaguars,vs SEA,Receiving Yards,9.5,-210,FanDuel,2025-10-12T17:00:00Z,True,player_reception_yds,Jacksonville Jaguars,Seattle Seahawks
6,2025-10-09 19:27:43,Travis Etienne Jr.,Jacksonville Jaguars,vs SEA,Receiving Yards,14.5,-114,FanDuel,2025-10-12T17:00:00Z,True,player_reception_yds,Jacksonville Jaguars,Seattle Seahawks
6,2025-10-09 19:27:43,Travis Etienne Jr.,Jacksonville Jaguars,vs SEA,Receiving Yards,19.5,144,FanDuel,2025-10-12T17:00:00Z,True,player_reception_yds,Jacksonville Jaguars,Seattle Seahawks
6,2025-10-09 19:27:43,Travis Etienne Jr.,Jacksonville Jaguars,vs SEA,Receptions,3.5,-102,FanDuel,2025-10-12T17:00:00Z,,player_receptions,Jacksonville Jaguars,Seattle Seahawks
6,2025-10-09 19:27:43,Travis Etienne Jr.,Jacksonville Jaguars,vs SEA,Receptions,2.5,-290,FanDuel,2025-10-12T17:00:00Z,True,player_receptions,Jacksonville Jaguars,Seattle Seahawks
6,2025-10-09 19:27:43,Travis Etienne Jr.,Jacksonville Jaguars,vs SEA,Receptions,3.5,-102,FanDuel,2025-10-12T17:00:00Z,True,player_receptions,Jacksonville Jaguars,Seattle Seahawks
6,2025-10-09 19:27:43,Travis Etienne Jr.,Jacksonville Jaguars,vs SEA,Rushing Yards,63.5,-114,FanDuel,2025-10-12T17:00:00Z,,player_rush_yds,Jacksonville Jaguars,Seattle Seahawks
6,2025-10-09 19:27:43,Travis Etienne Jr.,Jacksonville Jaguars,vs SEA,Rushing Yards,49.5,-245,FanDuel,2025-10-12T17:00:00Z,True,player_rush_yds,Jacksonville Jaguars,Seattle Seahawks
6,2025-10-09 19:27:43,Travis Etienne Jr.,Jacksonville Jaguars,vs SEA,Rushing Yards,59.5,-138,FanDuel,2025-10-12T17:00:00Z,True,player_rush_yds,Jacksonville Jaguars,Seattle Seahawks
6,2025-10-09 19:27:43,Travis Etienne Jr.,Jacksonville Jaguars,vs SEA,Rushing Yards,69.5,116,FanDuel,2025-10-12T17:00:00Z,True,player_rush_yds,Jacksonville Jaguars,Seattle Seahawks
6,2025-10-09 19:27:43,Travis Etienne Jr.,Jacksonville Jaguars,vs SEA,Rushing Yards,79.5,182,FanDuel,2025-10-12T17:00:00Z,True,player_rush_yds,Jacksonville Jaguars,Seattle Seahawks
6,2025-10-09 19:19:02,Travis Hunter,Jacksonville Jaguars,vs SEA,Receiving Yards,34.5,-114,FanDuel,2025-10-12T17:00:00Z,,player_reception_yds,Jacksonville Jaguars,Seattle Seahawks
6,2025-10-09 19:27:43,Travis Hunter,Jacksonville Jaguars,vs SEA,Receiving Yards,35.5,-114,FanDuel,2025-10-12T17:00:00Z,,player_reception_yds,Jacksonville Jaguars,Seattle Seahawks
6,2025-10-09 19:27:43,Travis Hunter,Jacksonville Jaguars,vs SEA,Receiving Yards,19.5,-360,FanDuel,2025-10-12T17:00:00Z,True,player_reception_yds,Jacksonville Jaguars,Seattle Seahawks
6,2025-10-09 19:27:43,Travis Hunter,Jacksonville Jaguars,vs SEA,Receiving Yards,24.5,-250,FanDuel,2025-10-12T17:00:00Z,True,player_reception_yds,Jacksonville Jaguars,Seattle Seahawks
6,2025-10-09 19:27:43,Travis Hunter,Jacksonville Jaguars,vs SEA,Receiving Yards,29.5,-174,FanDuel,2025-10-12T17:00:00Z,True,player_reception_yds,Jacksonville Jaguars,Seattle Seahawks
6,2025-10-09 19:27:43,Travis Hunter,Jacksonville Jaguars,vs SEA,Receiving Yards,39.5,108,FanDuel,2025-10-12T17:00:00Z,True,player_reception_yds,Jacksonville Jaguars,Seattle Seahawks
6,2025-10-09 19:27:43,Travis Hunter,Jacksonville Jaguars,vs SEA,Receiving Yards,49.5,182,FanDuel,2025-10-12T17:00:00Z,True,player_reception_yds,Jacksonville Jaguars,Seattle Seahawks
6,2025-10-09 19:27:43,Travis Hunter,Jacksonville Jaguars,vs SEA,Receptions,4.5,-102,FanDuel,2025-10-12T17:00:00Z,,player_receptions,Jacksonville Jaguars,Seattle Seahawks
6,2025-10-09 19:27:43,Travis Hunter,Jacksonville Jaguars,vs SEA,Receptions,3.5,-260,FanDuel,2025-10-12T17:00:00Z,True,player_receptions,Jacksonville Jaguars,Seattle Seahawks
6,2025-10-09 19:27:43,Travis Hunter,Jacksonville Jaguars,vs SEA,Receptions,4.5,-102,FanDuel,2025-10-12T17:00:00Z,True,player_receptions,Jacksonville Jaguars,Seattle Seahawks
6,2025-10-09 19:27:43,TreVeyon Henderson,New England Patriots,@ NO,Receiving Yards,16.5,-114,FanDuel,2025-10-12T17:00:00Z,,player_reception_yds,New Orleans Saints,New England Patriots
6,2025-10-09 19:27:43,TreVeyon Henderson,New England Patriots,@ NO,Receiving Yards,9.5,-260,FanDuel,2025-10-12T17:00:00Z,True,player_reception_yds,New Orleans Saints,New England Patriots
6,2025-10-09 19:27:43,TreVeyon Henderson,New England Patriots,@ NO,Receiving Yards,14.5,-144,FanDuel,2025-10-12T17:00:00Z,True,player_reception_yds,New Orleans Saints,New England Patriots
6,2025-10-09 19:27:43,TreVeyon Henderson,New England Patriots,@ NO,Receiving Yards,19.5,116,FanDuel,2025-10-12T17:00:00Z,True,player_reception_yds,New Orleans Saints,New England Patriots
6,2025-10-09 19:27:43,TreVeyon Henderson,New England Patriots,@ NO,Receiving Yards,24.5,178,FanDuel,2025-10-12T17:00:00Z,True,player_reception_yds,New Orleans Saints,New England Patriots
6,2025-10-09 19:27:43,TreVeyon Henderson,New England Patriots,@ NO,Receptions,3.5,-130,FanDuel,2025-10-12T17:00:00Z,,player_receptions,New Orleans Saints,New England Patriots
6,2025-10-09 19:27:43,TreVeyon Henderson,New England Patriots,@ NO,Receptions,2.5,-380,FanDuel,2025-10-12T17:00:00Z,True,player_receptions,New Orleans Saints,New England Patriots
6,2025-10-09 19:27:43,TreVeyon Henderson,New England Patriots,@ NO,Receptions,3.5,-132,FanDuel,2025-10-12T17:00:00Z,True,player_receptions,New Orleans Saints,New England Patriots
6,2025-10-09 19:27:43,TreVeyon Henderson,New England Patriots,@ NO,Receptions,4.5,178,FanDuel,2025-10-12T17:00:00Z,True,player_receptions,New Orleans Saints,New England Patriots
6,2025-10-09 19:27:43,TreVeyon Henderson,New England Patriots,@ NO,Rushing Yards,33.5,-114,FanDuel,2025-10-12T17:00:00Z,,player_rush_yds,New Orleans Saints,New England Patriots
6,2025-10-09 19:27:43,TreVeyon Henderson,New England Patriots,@ NO,Rushing Yards,19.5,-380,FanDuel,2025-10-12T17:00:00Z,True,player_rush_yds,New Orleans Saints,New England Patriots
6,2025-10-09 19:27:43,TreVeyon Henderson,New England Patriots,@ NO,Rushing Yards,24.5,-240,FanDuel,2025-10-12T17:00:00Z,True,player_rush_yds,New Orleans Saints,New England Patriots
6,2025-10-09 19:27:43,TreVeyon Henderson,New England Patriots,@ NO,Rushing Yards,29.5,-158,FanDuel,2025-10-12T17:00:00Z,True,player_rush_yds,New Orleans Saints,New England Patriots
6,2025-10-09 19:27:43,TreVeyon Henderson,New England Patriots,@ NO,Rushing Yards,39.5,130,FanDuel,2025-10-12T17:00:00Z,True,player_rush_yds,New Orleans Saints,New England Patriots
6,2025-10-09 19:27:43,Trevor Lawrence,Jacksonville Jaguars,vs SEA,Passing TDs,1.5,102,FanDuel,2025-10-12T17:00:00Z,,player_pass_tds,Jacksonville Jaguars,Seattle Seahawks
6,2025-10-09 19:27:43,Trevor Lawrence,Jacksonville Jaguars,vs SEA,Passing TDs,1.5,102,FanDuel,2025-10-12T17:00:00Z,True,player_pass_tds,Jacksonville Jaguars,Seattle Seahawks
6,2025-10-09 19:27:43,Trevor Lawrence,Jacksonville Jaguars,vs SEA,Passing Yards,226.5,-114,FanDuel,2025-10-12T17:00:00Z,,player_pass_yds,Jacksonville Jaguars,Seattle Seahawks
6,2025-10-09 19:27:43,Trevor Lawrence,Jacksonville Jaguars,vs SEA,Passing Yards,174.5,-440,FanDuel,2025-10-12T17:00:00Z,True,player_pass_yds,Jacksonville Jaguars,Seattle Seahawks
6,2025-10-09 19:27:43,Trevor Lawrence,Jacksonville Jaguars,vs SEA,Passing Yards,199.5,-235,FanDuel,2025-10-12T17:00:00Z,True,player_pass_yds,Jacksonville Jaguars,Seattle Seahawks
6,2025-10-09 19:27:43,Trevor Lawrence,Jacksonville Jaguars,vs SEA,Passing Yards,224.5,-120,FanDuel,2025-10-12T17:00:00Z,True,player_pass_yds,Jacksonville Jaguars,Seattle Seahawks
6,2025-10-09 19:27:43,Trevor Lawrence,Jacksonville Jaguars,vs SEA,Passing Yards,249.5,154,FanDuel,2025-10-12T17:00:00Z,True,player_pass_yds,Jacksonville Jaguars,Seattle Seahawks
6,2025-10-09 19:27:43,Troy Franklin,Denver Broncos,@ NYJ,Receiving Yards,39.5,-114,FanDuel,2025-10-12T13:30:00Z,,player_reception_yds,New York Jets,Denver Broncos
6,2025-10-09 19:27:43,Troy Franklin,Denver Broncos,@ NYJ,Receiving Yards,19.5,-450,FanDuel,2025-10-12T13:30:00Z,True,player_reception_yds,New York Jets,Denver Broncos
6,2025-10-09 19:27:43,Troy Franklin,Denver Broncos,@ NYJ,Receiving Yards,24.5,-300,FanDuel,2025-10-12T13:30:00Z,True,player_reception_yds,New York Jets,Denver Broncos
6,2025-10-09 19:27:43,Troy Franklin,Denver Broncos,@ NYJ,Receiving Yards,29.5,-210,FanDuel,2025-10-12T13:30:00Z,True,player_reception_yds,New York Jets,Denver Broncos
6,2025-10-09 19:27:43,Troy Franklin,Denver Broncos,@ NYJ,Receiving Yards,39.5,-114,FanDuel,2025-10-12T13:30:00Z,True,player_reception_yds,New York Jets,Denver Broncos
6,2025-10-09 19:27:43,Troy Franklin,Denver Broncos,@ NYJ,Receiving Yards,49.5,148,FanDuel,2025-10-12T13:30:00Z,True,player_reception_yds,New York Jets,Denver Broncos
6,2025-10-09 19:27:43,Troy Franklin,Denver Broncos,@ NYJ,Receptions,4.5,-122,FanDuel,2025-10-12T13:30:00Z,,player_receptions,New York Jets,Denver Broncos
6,2025-10-09 19:27:43,Troy Franklin,Denver Broncos,@ NYJ,Receptions,3.5,-290,FanDuel,2025-10-12T13:30:00Z,True,player_receptions,New York Jets,Denver Broncos
6,2025-10-09 19:27:43,Troy Franklin,Denver Broncos,@ NYJ,Receptions,4.5,-122,FanDuel,2025-10-12T13:30:00Z,True,player_receptions,New York Jets,Denver Broncos
6,2025-10-09 19:27:43,Troy Franklin,Denver Broncos,@ NYJ,Receptions,5.5,174,FanDuel,2025-10-12T13:30:00Z,True,player_receptions,New York Jets,Denver Broncos
6,2025-10-09 19:19:02,Tyrone Tracy Jr.,New York Giants,vs PHI,Receiving Yards,9.5,-112,FanDuel,2025-10-10T00:15:00Z,,player_reception_yds,New York Giants,Philadelphia Eagles
6,2025-10-09 19:27:43,Tyrone Tracy Jr.,New York Giants,vs PHI,Receptions,3.5,162,FanDuel,2025-10-10T00:15:00Z,,player_receptions,New York Giants,Philadelphia Eagles
6,2025-10-09 19:27:43,Tyrone Tracy Jr.,New York Giants,vs PHI,Receptions,2.5,-186,FanDuel,2025-10-10T00:15:00Z,True,player_receptions,New York Giants,Philadelphia Eagles
6,2025-10-09 19:27:43,Tyrone Tracy Jr.,New York Giants,vs PHI,Receptions,3.5,158,FanDuel,2025-10-10T00:15:00Z,True,player_receptions,New York Giants,Philadelphia Eagles
6,2025-10-09 19:27:43,Tyrone Tracy Jr.,New York Giants,vs PHI,Rushing Yards,20.5,-112,FanDuel,2025-10-10T00:15:00Z,,player_rush_yds,New York Giants,Philadelphia Eagles
6,2025-10-09 19:27:43,Tyrone Tracy Jr.,New York Giants,vs PHI,Rushing Yards,9.5,-450,FanDuel,2025-10-10T00:15:00Z,True,player_rush_yds,New York Giants,Philadelphia Eagles
6,2025-10-09 19:27:43,Tyrone Tracy Jr.,New York Giants,vs PHI,Rushing Yards,14.5,-225,FanDuel,2025-10-10T00:15:00Z,True,player_rush_yds,New York Giants,Philadelphia Eagles
6,2025-10-09 19:27:43,Tyrone Tracy Jr.,New York Giants,vs PHI,Rushing Yards,19.5,-128,FanDuel,2025-10-10T00:15:00Z,True,player_rush_yds,New York Giants,Philadelphia Eagles
6,2025-10-09 19:27:43,Tyrone Tracy Jr.,New York Giants,vs PHI,Rushing Yards,24.5,126,FanDuel,2025-10-10T00:15:00Z,True,player_rush_yds,New York Giants,Philadelphia Eagles
6,2025-10-09 19:27:43,Tyrone Tracy Jr.,New York Giants,vs PHI,Rushing Yards,29.5,188,FanDuel,2025-10-10T00:15:00Z,True,player_rush_yds,New York Giants,Philadelphia Eagles
6,2025-10-09 19:27:43,Wan'Dale Robinson,New York Giants,vs PHI,Receiving Yards,43.5,-112,FanDuel,2025-10-10T00:15:00Z,,player_reception_yds,New York Giants,Philadelphia Eagles
6,2025-10-09 19:27:43,Wan'Dale Robinson,New York Giants,vs PHI,Receiving Yards,24.5,-440,FanDuel,2025-10-10T00:15:00Z,True,player_reception_yds,New York Giants,Philadelphia Eagles
6,2025-10-09 19:27:43,Wan'Dale Robinson,New York Giants,vs PHI,Receiving Yards,29.5,-295,FanDuel,2025-10-10T00:15:00Z,True,player_reception_yds,New York Giants,Philadelphia Eagles
6,2025-10-09 19:27:43,Wan'Dale Robinson,New York Giants,vs PHI,Receiving Yards,39.5,-150,FanDuel,2025-10-10T00:15:00Z,True,player_reception_yds,New York Giants,Philadelphia Eagles
6,2025-10-09 19:27:43,Wan'Dale Robinson,New York Giants,vs PHI,Receiving Yards,49.5,124,FanDuel,2025-10-10T00:15:00Z,True,player_reception_yds,New York Giants,Philadelphia Eagles
6,2025-10-09 19:27:43,Wan'Dale Robinson,New York Giants,vs PHI,Receiving Yards,59.5,200,FanDuel,2025-10-10T00:15:00Z,True,player_reception_yds,New York Giants,Philadelphia Eagles
6,2025-10-09 19:27:43,Wan'Dale Robinson,New York Giants,vs PHI,Receptions,6.5,130,FanDuel,2025-10-10T00:15:00Z,,player_receptions,New York Giants,Philadelphia Eagles
6,2025-10-09 19:27:43,Wan'Dale Robinson,New York Giants,vs PHI,Receptions,4.5,-350,FanDuel,2025-10-10T00:15:00Z,True,player_receptions,New York Giants,Philadelphia Eagles
6,2025-10-09 19:27:43,Wan'Dale Robinson,New York Giants,vs PHI,Receptions,5.5,-162,FanDuel,2025-10-10T00:15:00Z,True,player_receptions,New York Giants,Philadelphia Eagles
6,2025-10-09 19:27:43,Wan'Dale Robinson,New York Giants,vs PHI,Receptions,6.5,122,FanDuel,2025-10-10T00:15:00Z,True,player_receptions,New York Giants,Philadelphia Eagles
6,2025-10-09 19:27:43,Zach Charbonnet,Seattle Seahawks,@ JAX,Receiving Yards,10.5,-114,FanDuel,2025-10-12T17:00:00Z,,player_reception_yds,Jacksonville Jaguars,Seattle Seahawks
6,2025-10-09 19:27:43,Zach Charbonnet,Seattle Seahawks,@ JAX,Receiving Yards,4.5,-275,FanDuel,2025-10-12T17:00:00Z,True,player_reception_yds,Jacksonville Jaguars,Seattle Seahawks
6,2025-10-09 19:27:43,Zach Charbonnet,Seattle Seahawks,@ JAX,Receiving Yards,9.5,-130,FanDuel,2025-10-12T17:00:00Z,True,player_reception_yds,Jacksonville Jaguars,Seattle Seahawks
6,2025-10-09 19:27:43,Zach Charbonnet,Seattle Seahawks,@ JAX,Receiving Yards,14.5,140,FanDuel,2025-10-12T17:00:00Z,True,player_reception_yds,Jacksonville Jaguars,Seattle Seahawks
6,2025-10-09 19:27:43,Zach Charbonnet,Seattle Seahawks,@ JAX,Rushing Yards,34.5,-114,FanDuel,2025-10-12T17:00:00Z,,player_rush_yds,Jacksonville Jaguars,Seattle Seahawks
6,2025-10-09 19:27:43,Zach Charbonnet,Seattle Seahawks,@ JAX,Rushing Yards,19.5,-420,FanDuel,2025-10-12T17:00:00Z,True,player_rush_yds,Jacksonville Jaguars,Seattle Seahawks
6,2025-10-09 19:27:43,Zach Charbonnet,Seattle Seahawks,@ JAX,Rushing Yards,24.5,-250,FanDuel,2025-10-12T17:00:00Z,True,player_rush_yds,Jacksonville Jaguars,Seattle Seahawks
6,2025-10-09 19:27:43,Zach Charbonnet,Seattle Seahawks,@ JAX,Rushing Yards,29.5,-166,FanDuel,2025-10-12T17:00:00Z,True,player_rush_yds,Jacksonville Jaguars,Seattle Seahawks
6,2025-10-09 19:27:43,Zach Charbonnet,Seattle Seahawks,@ JAX,Rushing Yards,39.5,120,FanDuel,2025-10-12T17:00:00Z,True,player_rush_yds,Jacksonville Jaguars,Seattle Seahawks
